"","Scientific.name","SpcRecID","English.name","Family","Global.IUCN.Red.List.Category","Common.Name","Type.of.migration","Distribution.in.Indian.Sub.Continent","World.Distribution"
"1","Accipiter gentilis",3466,"Northern Goshawk","Accipitridae (Hawks, Eagles)","LC","Northern Goshawk","local resident & sparse winter visitor","Himalayas from Simla to Bhutan, Sind, Bangladesh","Holarctic, SE Tibet, N Myanmar"
"2","Accipiter nisus",3455,"Eurasian Sparrowhawk","Accipitridae (Hawks, Eagles)","LC","Eurasian Sparrowhawk","widespread winter visitor & resident","Baluchistan, Himalayas to Arunachal, N Afghanistan, Gilgit (Pakistan), N & SE Peninsula, S Assam hills, W & E Ghats, S Andaman","Palearctic, Africa to SE Asia"
"3","Accipiter soloensis",3428,"Chinese Sparrowhawk","Accipitridae (Hawks, Eagles)","LC","Chinese Goshawk","vagrant","Nicobar, Andaman","E Asia, Indonesia, Philippines"
"4","Acrocephalus agricola",7601,"Paddyfield Warbler","Acrocephalidae","LC","Paddyfield Warbler","widespread winter visitor","Terai, duars, N plains, C india, W Ghats, NE Bangladesh, E Afghanistan (Logar), Pakistan, N Baluchistan, Afghanistan","C Palearctic, NW China, SW Asia to North SE Asia"
"5","Acrocephalus bistrigiceps",7600,"Black-browed Reed-warbler","Acrocephalidae","LC","Black-browed Reed-Warbler","sparse winter visitor","N Subcontinent, Kashir to NE India, Bangladesh, Andamans, Chulta Bheel, Phalel, Manipur, Ladakh","NE Asia, SE Asia to W Indonesia"
"6","Acrocephalus dumetorum",7605,"Blyth's Reed-warbler","Acrocephalidae","LC","Blyth's Reed-Warbler","widespread winter visitor","S & N India, Bangladesh, Nepal, Sri Lanka, Pakistan, W,N & E Afghanistan","W & C Palearctic, Iran, Myanmar"
"7","Acrocephalus melanopogon",7596,"Moustached Warbler","Acrocephalidae","LC","Moustached Warbler","local resident & winter visitor","SE Afghanistan, Indus valley (Pakistan), NW India to Delhi, Oudh, Sehore (Madhya Pradesh, W & N Afghanistan, Baltistan","Palearctic"
"8","Aegypius monachus",3380,"Cinereous Vulture","Accipitridae (Hawks, Eagles)","NT","Cinereous Vulture","widespread winter visitor & local resident","Afghanistan, Baluchistan, Pakistan, NWFP, NW India to Bhutan, SW Kashmir, Cachar, C Bangladesh","C& S Palearctic"
"9","Alauda arvensis",1017239,"Eurasian Skylark","Alaudidae (Larks)","LC","Eurasian Skylark","sparse winter visitor","Afghanistan, Pakistan, Kashmir, Ladakh, W Gangetic plains","W Palearctic"
"10","Anas acuta",457,"Northern Pintail","Anatidae (Ducks, Geese, Swans)","LC","Northern Pintail","vagrant","SW & E Afghanistan, N Baluchistan, Indus valley, Sub-Himalayan region to Sri Lanka, Maldeves","Holarctic, N & S America, Cafrica, SE Asia, Philippines"
"11","Anas crecca",31027,"Common Teal","Anatidae (Ducks, Geese, Swans)","LC","Common Teal","widespread winter visitor","Afghanistan, Himalayas, Assam valley, Seistan, Bhutan, Kashmir, Sri Lanka, Maldives, Lakshadweep, Andamans","Holarctic, Tropic"
"12","Anas poecilorhyncha",32715,"Indian Spot-billed Duck","Anatidae (Ducks, Geese, Swans)","LC","Spot-billed Duck","widespread resident","Indus valley, N Baluchistan to Assam valley, S Assam hills, Bangladesh, Peninsula (Mannar), N Sri Lanka","S China, SE Asia"
"13","Anser albifrons",376,"Greater White-fronted Goose","Anatidae (Ducks, Geese, Swans)","LC","Greater White-fronted Goose","sparse winter visitor","N plains, Indus valley to E Uttar Pradesh, E India to Assam valley, Manipur, Chilka Lake, Afghanistan, Bangladesh","N & S Holarctic, W & E Myanmar"
"14","Anser anser",378,"Greylag Goose","Anatidae (Ducks, Geese, Swans)","LC","Greylag Goose","widespread winter visitor","Kandahar (SE Afghanistan), Baluchistan, N Gujarat, Panjab, Gangetic plains to Assam valley, Chilka Lake (Orissa), Sri Lanka, NW Himalayas, Indus valley","C Palearctic, SC Palearctic"
"15","Anser caerulescens",380,"Snow Goose","Anatidae (Ducks, Geese, Swans)","LC","Snow Goose","vagrant","N Kathiyawar Peninsula (Gujarat)","N America, E Siberia, Japan"
"16","Anser indicus",379,"Bar-headed Goose","Anatidae (Ducks, Geese, Swans)","LC","Bar-headed Goose","widespread winter visitor & local resident","Wakhan (NE Afghanistan), Ladakh, Indus Valley (Pakistan), N Plains, Assam valley, S Assam hills, Bangladesh, NE Peninsula, N Pakistan, Kashmir, Nepal, Bhutan","C Asia, Myanmar"
"17","Anthus campestris",8436,"Tawny Pipit","Motacillidae (Wagtails and pipits)","LC","Tawny Pipit","widespread winter visitor","Afghanistan, Pakistan to S W Bengal, Peninsula, SE Sri Lanka, Assam","W Palearctic to C Asia, C Africa, Mddle East"
"18","Anthus cervinus",8450,"Red-throated Pipit","Motacillidae (Wagtails and pipits)","LC","Red-throated Pipit","sparse passage migrant","NE Afghanistan, Indus valley (Pakistan), Himalayas, NE India, Maldives, S Andamans, Narcondam, Nicobars (Comorta)","N Palearctic, Alaska, Paleotropics"
"19","Anthus godlewskii",8437,"Blyth's Pipit","Motacillidae (Wagtails and pipits)","LC","Blyth's Pipit","widespread winter visitor","C & E Himalayas, Indian Peninsula, Sri Lanka, Nepal, Assam","S Siberia to China, SE Asia"
"20","Anthus hodgsoni",8447,"Olive-backed Pipit","Motacillidae (Wagtails and pipits)","LC","Olive-backed Pipit","widespread resident & winter visitor","Himalayas of Himachal to Arunachal, Rawal Lake (Pakistan), lower Himalayas to Adjacect plains, S Assam hills, Peninsula, Afghanistan, NW India, N Sri Lanka","C Palearctic, SE Asia, Philippines"
"21","Anthus richardi",1018054,"Richard's Pipit","Motacillidae (Wagtails and pipits)","LC","Richard's Pipit","widespread winter visitor","Most of Subcontinent, Sri Lanka, Bangladesh, S Andamans, N plains, NW Peninsula","E Asia, Paleotropics"
"22","Anthus rubescens",8454,"Buff-bellied Pipit","Motacillidae (Wagtails and pipits)","LC","Buff-bellied Pipit (American Pipit)","sparse winter visitor","Plains of N Subcontinent ( NE Afghanistan, N Pakistan, NE India), NC Pakistan","E Palearctic, N North America, ME & S China, S N America"
"23","Anthus spinoletta",8453,"Water Pipit","Motacillidae (Wagtails and pipits)","LC","Water Pipit","sparse winter visitor","NE Afghanistan, Pakistan, NW India, Afghanistan","Palearctic, Africa to China"
"24","Anthus trivialis",8446,"Tree Pipit","Motacillidae (Wagtails and pipits)","LC","Tree Pipit","local resident & widespread winter visitor","Himalayas of N Pakistan, Kashmir, Lahul, C India, Peninsula, Maldives, Lakshadweep","Palearctic, Africa, Middle East"
"25","Aquila heliaca",3535,"Eastern Imperial Eagle","Accipitridae (Hawks, Eagles)","VU","Imperial Eagle","widespread winter visitor","E Afghanistan, N plains, Montane valleys, Indus valley, Mekran coast, Bhutan, W bengal, Bangladesh","C & NE palearctic, E Africa, E Asia"
"26","Aquila nipalensis",3533,"Steppe Eagle","Accipitridae (Hawks, Eagles)","EN","Steppe Eagle","widespread winter visitor","E Afghanistan, N plains to Bhutan, Belgaum, C India, S Assam hills (E Meghalaya, Manipur), NW India","EC to NE Palearctic, Africa, SE Asia"
"27","Ardea cinerea",3715,"Grey Heron","Ardeidae (Herons)","LC","Grey Heron","widespread winter visitor & resident","NW & SW Afghanistan, Sind, NW & NE India, Kashmir, S Peninsula, Sri Lanka, NE & S Afghanistan to S Assam hills, Maldives, Lakshadweep, Andamans, Nicobars, Chagos","Eurasia, Africa"
"28","Ardea goliath",3722,"Goliath Heron","Ardeidae (Herons)","LC","Goliath Heron","vagrant & resident","Pakistan, C India, Culcutta, Assam, Sunderbans, SE & Bangladesh, Sri Lanka","Afica, Middle East"
"29","Ardea purpurea",3725,"Purple Heron","Ardeidae (Herons)","LC","Purple Heron","widespread winter visitor & resident","Seistan, Indus valley, NW India, NE & S Peninsula, Sri Lanka, Andamans, C Nicobars, N Andhra Pradesh, C Bangladesh, Maldives, Lakshadweep","S & C Eurasia, Africa"
"30","Arenaria interpres",3034,"Ruddy Turnstone","Scolopacidae (Sandpipers, Snipes, Phalaropes)","LC","Ruddy Turnstone","widespread winter visitor","Coasts from Baluchistan to Sri Lanka, Bangladesh, Maldives, Lakshadweep, Chagos, Andamans (South, small islets, Narcondam), C & S NIcobars, EC & NE Afghanistan (Lake Ab-i-Estada, Kabul), Kashmir, Gangetic plains, S Assam hills (Cachar, Manipur)","N Holarctic, Tropics"
"31","Asio flammeus",2322,"Short-eared Owl","Strigidae (Typical Owls)","LC","Short-eared Owl","winter visitor","NW & SE Afghanistan, sub-Himalayan Pakistan, Kashmir, Ladakh, Sub-Himalayan plains of N India, Nepal to Assam valley, S Assam hills (Khasi hills, Cachar, E Meghalaya, Manipur), C & S Bangladesh, Peninsula, Maldives, NWFP, N Pakistan, Gilgit, Sri Lanka, Ho","S America, North of Equator"
"32","Asio otus",2318,"Northern Long-eared Owl","Strigidae (Typical Owls)","LC","Long-eared Owl","local resident & winter visitor","NW & SW Afghanistan, Pakistan (Baluchistan, Chitral), Kashmir, NW India, W Uttaranchal, Delhi, Nepal, Bhutan","S Tibet, N Myanmar"
"33","Aythya baeri",478,"Baer's Pochard","Anatidae (Ducks, Geese, Swans)","CR","Baer's Pochard","sparse winter visitor","SE Nepal, Assam (hills & valley), NE Bangladesh, N Pakistan, Chilka Lake (Orissa)","SE Asia, NE Asia"
"34","Aythya ferina",472,"Common Pochard","Anatidae (Ducks, Geese, Swans)","VU","Common Pochard","widespread winter visitor","NE Afghanistan (Kabul), SW Afghanistan (Seistan), SE Afghanistan (Kandahar), Baluchistan, Indus Valley, N Plains to Assam valley, Peninsula, Ladakh, Nepal, Bhutan","Palearctic, C Africa, SE & E Asia"
"35","Aythya fuligula",480,"Tufted Duck","Anatidae (Ducks, Geese, Swans)","LC","Tufted Duck","widespread winter visitor","SW, SE & NE Afghanistan, Baluchistan, Indus valley, N plains to Assam valley, Peninsula, Sri Lanka, Maldives","Palearctic, C Africa, SE Asia"
"36","Aythya marila",482,"Greater Scaup","Anatidae (Ducks, Geese, Swans)","LC","Greater Scaup","sparse winter visitor","NE Afghanistan (Lake Kargah), N Pakistan, N plains to E Nepal, NE Bangladesh, Cachar","Holarctic"
"37","Aythya nyroca",476,"Ferruginous Duck","Anatidae (Ducks, Geese, Swans)","NT","Ferruginous Pochard","widespread winter visitor & local resident","SW Afghanistan (Seistan), NW & E Afghanistan, N Baluchistan, Kashmir valley, Peninsula, Sri Lanka, Maldives","Palearctic, C Africa, SE Asia"
"38","Botaurus stellaris",3766,"Eurasian Bittern","Ardeidae (Herons)","LC","Great Bittern","widespread winter visitor","N & SW Afghanistan, N Baluchistan, N Subcontinent, Peninsular India, Sri Lanka","C Palearctic, S Africa, SE Asia"
"39","Bubulcus ibis",3730,"Cattle Egret","Ardeidae (Herons)","LC","Cattle Egret","widespread resident","Seychelles, Chagos","SW Palearctic, E Iran, Africa"
"40","Bucephala clangula",494,"Common Goldeneye","Anatidae (Ducks, Geese, Swans)","LC","Common Goldeneye","sparse winter visitor","E & W Afghanistan, N Baluchistan, N Panjab, Gangetic plain to Assam valley, Manipur, NE Bangladesh, Nepal Himalayas","N, C & S Holarctic"
"41","Buteo buteo",1017018,"Eurasian Buzzard","Accipitridae (Hawks, Eagles)","LC","Common Buzzard","widespread winter visitor & local resident","W,N & S Pakistan,Kashmir, Uttar Pradesh, SW Ghats, Sri Lanka, Maldives","Palearctic, Africa, S Asia"
"42","Buteo hemilasius",3519,"Upland Buzzard","Accipitridae (Hawks, Eagles)","LC","Upland Buzzard","local resident & sparse winter visitor","E Ladakh, Himalayas (E Kashmir, Nepal, Sikkim, Darjeeling, Delhi","Tibet, NE Asia, EC Asia"
"43","Buteo rufinus",32719,"Long-legged Buzzard","Accipitridae (Hawks, Eagles)","LC","Long-legged Buzzard","widespread winter visitor & local resident","N & C Afghanistan, Kashmir, Pakistan, SW Afghanistan, NW & C India, Bhutan, N & C Bangladesh, Sri Lanka, W & N Subcontinent","SW & SC palearctic, Africa"
"44","Calandrella acutirostris",8155,"Hume's Lark","Alaudidae (Larks)","LC","Hume's Lark","local resident & widespread winter visitor","hills of E, W & C Afghanistan, Baluchistan, Himalayas from NW Pakistan to Bhutan, Gangetic plains from NW India to W Assam, Madhya Pradesh, S Bangladesh","C Asia, Tibet"
"45","Calidris alba",3042,"Sanderling","Scolopacidae (Sandpipers, Snipes, Phalaropes)","LC","Sanderling","widespread winter visitor","Coasts from Baluchistan to Sri Lanka, Bangladesh, Maldives, Lakshadweep, Chagos, Car NIcobars, E Afghanistan (Lake Ab-i-Estada, Kabul), Kashmir, Panjab (Pakistan & India), E Nepal, Bihar (Patna)","N Holarctic, S Holarctic"
"46","Calidris alpina",3056,"Dunlin","Scolopacidae (Sandpipers, Snipes, Phalaropes)","LC","Dunlin","sparse winter visitor","NE, NW & SW Afghanistan (Kabul, Seistan), Indus Valley, Mekran coast(Pakistan), Gangetic plain (Indian Panjab to Bihar), Gujarat, Bombay, Sri Lanka, Maldives, E Ladakh, S & NE Peninsula, NW coast of India","N Holarctic, S Northern Hemisphere"
"47","Calidris canutus",3041,"Red Knot","Scolopacidae (Sandpipers, Snipes, Phalaropes)","NT","Red Knot","vagrant","Sind, Pakistan, SE coast of India, Sri Lanka, S W-Bengal, SE Bangladesh, Baluchistan","N Holarctic"
"48","Calidris ferruginea",3057,"Curlew Sandpiper","Scolopacidae (Sandpipers, Snipes, Phalaropes)","NT","Curlew Sandpiper","widespread winter visitor","Pakistan(Lasbela, Sind), SE & NW India, Sri Lanka, Maldives, Chagos, Bangladesh, S Andamans, Car NIcobars, E Afghanistan, Indus Valley, Mekran coast(Pakistan), gangetic plains, W & NE coast of India, Khushdil Khan Lake (Baluchistan)","N Asia, Africa to Australia"
"49","Calidris minuta",3045,"Little Stint","Scolopacidae (Sandpipers, Snipes, Phalaropes)","LC","Little Stint","widespread winter visitor","S & E Afghanistan, coasts from Baluchistan to Sri Lanka, East coast of India, Maldives, Lakshadweep, Gangetic plains, Indus valley, India, Nepal, Assam","N palearctic, Africa to Myanmar"
"50","Calidris ruficollis",3046,"Red-necked Stint","Scolopacidae (Sandpipers, Snipes, Phalaropes)","NT","Rufous-necked Stint","sparse winter visitor","S Sind, Sri Lanka, Orissa, Bangladesh, Chagos, Andamans, Nicobars","N Asia, Australia"
"51","Calidris subminuta",3048,"Long-toed Stint","Scolopacidae (Sandpipers, Snipes, Phalaropes)","LC","Long-toed Stint","sparse winter visitor","Maldives, Sri Lanka, SE India, S W Bengal, SE Bangladesh, S Andamans, C Nepal, Gujarat, Gangetic plains, Assam valley, S India","N Asia, Australia"
"52","Calidris tenuirostris",3040,"Great Knot","Scolopacidae (Sandpipers, Snipes, Phalaropes)","EN","Great Knot","sparse winter visitor","Coasts from Pakistan to Sri Lanka, Bangladesh, S Andamans, Lakshadweep, NE India, Nasirabad","NE Asia, Australia"
"53","Caprimulgus europaeus",2401,"European Nightjar","Caprimulgidae (Nightjars)","LC","Eurasian Nightjar","sparse summer visitor","N & E Afghanistan, W & N Pakistan (Baluchistan, SC Pakistan, NWFP), Gilgit, Baltistan, Panjab & Indus plains, W India (Kutch, Jodhpur), Bombay, Garhwal, uttaranchal","Eurasia, Africa"
"54","Caprimulgus mahrattensis",2405,"Sykes's Nightjar","Caprimulgidae (Nightjars)","LC","Sykes's Nightjar","winter visitor","SW Afghanistan (Seistan), Indus Valley (Pakistan), Mekran coast, W India, Delhi, N Madhya Pradesh, Bombay","SE Iran"
"55","Carpodacus erythrinus",8854,"Common Rosefinch","Fringillidae (Finches and Hawaiian honeycreepers)","LC","Common Rosefinch","local resident & widespread winter visitor","S Afghanistan, E Baluchistan to Kashmir, Himalayas, Pune (N Maharashtra), Nagpur (E Madhya Pradesh), Assam, Ladakh, Arunachal, S India, Sri Lanka, S Assam hills, C & S Bangladesh, Nepal","Palearctic, SE Asia"
"56","Charadrius alexandrinus",1016711,"Kentish Plover","Charadriidae (Plovers)","LC","Kentish Plover","widespread winter visitor & resident","SW & E Afghanistan ( Seistan, Lake Ab-i-Estada, Kabul), N Baluchistan, Mekran & Sind coast to Gujarat, C Indus valley, E Pakistan, Bihar, Panjab,S India, Sri Lanka, N Indus Valley to W Assam valley, NW India, Maldives, Lakshadweep, Andamans, Nicobars","S palearctic, Africa to Indonesia, Philippines"
"57","Charadrius dubius",3119,"Little Ringed Plover","Charadriidae (Plovers)","LC","Little Ringed Plover","widespread winter visitor & resident","S Sind, Panjab, S Kashmir, S Jammu, Himalayas to Assam valley, S Assam hills ( Manipur Valley, Cacher), Bangladesh, Peninsula to Sri Lanka, N & C Afghanistan, SW Afghanistan (Chitral, Gilgit), N Baluchistan, Calcutta, Maldives, Andamans, Ganges valley,","palearctic, C Africa to Indonesia, Philippines"
"58","Charadrius hiaticula",3116,"Common Ringed Plover","Charadriidae (Plovers)","LC","Common Ringed Plover","vagrant","Sind, Pakistan coast, Maldives, SE India, Sri Lanka, SW & NE Afghanistan, E Pakistan, NW India","N Eurasia, NE N America, Africa, Middle East"
"59","Charadrius leschenaultii",3139,"Greater Sandplover","Charadriidae (Plovers)","LC","Greater Sand Plover","widespread winter visitor","NW & EC Afghanistan, Ladakh, Rupshu, Mekran coast to Sri Lanka, Bangladesh, Lakshadweep, Maldives, Andaman (Little & South), C & S Nicobars, NW India, Nepal, Chagos","Middle East to EC Asia, Africa to Austalasia"
"60","Charadrius mongolus",3138,"Lesser Sandplover","Charadriidae (Plovers)","LC","Mongolian Plover","widespread winter visitor","NE Afghanistan (Pamirs), Baltistan, Ladakh, Lahul (Nhimachal), N Sikkim, coasts from Mekran to Sri Lanka, Bangladesh, Maldives, Lakshadweep, S Andamans, Nicobars","C & NE Asia, Africa to Australasia"
"61","Charadrius placidus",3118,"Long-billed Plover","Charadriidae (Plovers)","LC","Long-billed Plover","sparse winter visitor","Nepal, N Uttar Pradesh to Assam valley, Manipur, Bangladesh, Delhi to Sri Lanka, Andamans","NE Asia to SW China, SE Tibet, N SE Asia"
"62","Chlidonias leucopterus",3291,"White-winged Tern","Laridae (Gulls, Terns, Skimmers)","LC","White-winged Tern","sparse winter visitor","S India, Sri Lanka, Maldives, NE Afghanistan (Kabul), Indus valley, NW Himalayas, Nepal, Bangladesh, coasts of Peninsula, S Andaman","C Eurasia, Africa to Australia"
"63","Chlidonias niger",3292,"Black Tern","Laridae (Gulls, Terns, Skimmers)","LC","Black Tern","vagrant","W & Peninsular India, Sri Lanka","W Palearctic, N America, W Coast of Africa, N Neotropics"
"64","Ciconia ciconia",3835,"White Stork","Ciconiidae (Storks)","LC","White Stork","widespread winter visitor","Gangetic plains, Gujarat, coasts of Peninsula, Sri Lanka, Afghanistan, Pakistan, NW India","Europe to C Asia, S Africa, Afica to W Asia"
"65","Ciconia nigra",3830,"Black Stork","Ciconiidae (Storks)","LC","Black Stork","widespread winter visitor","N Afghanistan, Pakistan, NW india,Assam valley, Gujarat, Delhi, C & S Bangladesh(Jamuna & Padma rivers), Sri Lanka","N & S Africa, E Asia"
"66","Circus aeruginosus",3399,"Western Marsh-harrier","Accipitridae (Hawks, Eagles)","LC","Western Marsh Harrier","widespread winter visitor","N Afghanistan, Sub-Himalayas from SE Afghanistan, Indus valley to Assam valley, S Assam hills (Meghalaya, Cachar, Manipur), Bangladesh, Peninsula, Sri Lanka, Maldives, S Andaman, Afghanistan, NW mountains, Ladakh, Lakshadweep","WC Palearctic, Africa, SE Asia"
"67","Circus cyaneus",1016807,"Hen Harrier","Accipitridae (Hawks, Eagles)","LC","Northern Harrier","widespread winter visitor","Afghanistan, W, N & S Pakistan, Himalayas to Assam valley, S Assam hills ( E Meghalaya, Cacher), S Gangetic plains","N & S palearctic, SE Asia"
"68","Circus macrourus",3409,"Pallid Harrier","Accipitridae (Hawks, Eagles)","NT","Pallid Harrier","widespread winter visitor","S to E Afghanistan, sub-Himalayan region, Sri lanka, Maldives, S Andaman, Afghanistan, NW Himalayas, Lakshadweep","E Europe to C Asia, Africa to SE Asia"
"69","Circus melanoleucos",3410,"Pied Harrier","Accipitridae (Hawks, Eagles)","LC","Pied Harrier","widespread winter visitor & local resident","plains of Uttar Pradesh to Assam valley, S Assam hills (Cachar, Meghalaya, Manipur), Bangladesh, NE Peninsula, N Pakistan, S India, Sri Lanka, W & NE India, NE Asia, N Myanmar","Indonesia, Philippines"
"70","Circus pygargus",3411,"Montagu's Harrier","Accipitridae (Hawks, Eagles)","LC","Montagu's Harrier","widespread winter visitor","Sind (Pakistan) to W & N Peninsula, Sri Lanka, C & E Nepal, Maldives, N & E Afghanistan, Indus valley, N plains of India, Bangladesh, Lakshadweep, Andamans","W & C Palearctic, Africa"
"71","Clangula hyemalis",490,"Long-tailed Duck","Anatidae (Ducks, Geese, Swans)","VU","Long-tailed Duck","vagrant","N Subcontinent","N Holarctic, S Holarctic"
"72","Columba eversmanni",2451,"Yellow-eyed Pigeon","Columbidae (Pigeons, Doves)","VU","Pale-backed Pigeon","sparse winter visitor","N & W Afghanistan, Pakistan, Gangetic plains to Bihar","W Asia to C Asia"
"73","Columba palumbus",2452,"Common Woodpigeon","Columbidae (Pigeons, Doves)","LC","Common Wood-Pigeon","sparse winter visitor","mountains of Afghanistan, W & N Pakistan (Baluchistan, Salt range, NWFP), Himalayas of Kashmir, W Bengal","W Palearctic to C Asia"
"74","Coracias garrulus",1033,"European Roller","Coraciidae (Rollers)","LC","European Roller","local resident & sparse winter visitor","Afghanistan, NWFP, Himalayas of N Pakistan, Kashmir, Pakistan, NW India, Gujarat, Panjab, C & W Peninsula, Andhra Pradesh","W & C Palearctic, Africa"
"75","Coturnix coturnix",194,"Common Quail","Phasianidae (Pheasants, Partridges, Turkeys, Grouse)","LC","Common Quail","widespread resident & winter visitor","N & C Afghanistan, Baluchistan, Sind, Kashmir, Bhutan,Pakistan, Panjab (Pakistan), NW India, C India (Bheraghat), S Gujarat, Gangetic plains, S Bombay, C Bangladesh, Cachar, S Maharastra","W & C Palearctic, SE Asia, Africa"
"76","Coturnix japonica",195,"Japanese Quail","Phasianidae (Pheasants, Partridges, Turkeys, Grouse)","NT","Japanese Quail","sparse winter visitor","Bhutan (Gamrichhu, Bumthang), Bihar, Assam (Dibrugarh), Manipur valley","NE Asia"
"77","Cursorius cursor",32586,"Cream-coloured Courser","Glareolidae (Coursers, Pratincoles)","LC","Cream-colored Courser","local resident & sparse winter visitor","EC Afghanistan(Mukur), NW Afghanistan, S Sind, Thar desert, Pakistan, NW India, S Kashmir, Haryana, Kathiawar (S Gujarat), NW Afghanistan","N Africa to SW Asia"
"78","Cygnus cygnus",369,"Whooper Swan","Anatidae (Ducks, Geese, Swans)","LC","Whooper Swan","vagrant","NW India","C & N Palearctic, S Palearctic"
"79","Cygnus olor",366,"Mute Swan","Anatidae (Ducks, Geese, Swans)","LC","Mute Swan","vagrant","NW India","C Asia, SW Asia"
"80","Delichon urbicum",1017973,"Northern House Martin","Hirundinidae (Swallows and martins)","LC","Northern House-Martin","local resident & widespread winter visitor","Mountains of Afghanistan, Karakorums of Baltistan & Hunza,Himalayas in Ladakh, Spiti (NW Himachal), W Subcontinent (W Nepal), W Ghats, Maldives, Lakshadweep","Palearctic to SW Tibet, N China, Africa, SE Asia"
"81","Dendronanthus indicus",8402,"Forest Wagtail","Motacillidae (Wagtails and pipits)","LC","Forest Wagtail","local resident & widespread winter visitor","W Ghats, Sri Lanka, Andamans, Narcondam, SE Pakistan, Surat Dangs, NE Subcontinent, S Assam hills, Bangladesh, NE India","NE Asia, W Indonesia, Philippines"
"82","Dromas ardeola",3177,"Crab-plover ","Dromadidae (Crab-plover)","LC","Crab Plover","sparse winter visitor","Pakistan to Gulf of Kutch, Bangladesh coast,Sri Lanka, Andamans, Nicobars, Maldives, Chagos","coasts of W Indian ocean to SE Asia"
"83","Emberiza aureola",8954,"Yellow-breasted Bunting","Emberizidae (Buntings, American sparrows and allies)","EN","Yellow-breasted Bunting","widespread winter visitor","Himalayan foothills, C Nepal to Assam valley, S Assam hills(Meghalaya, Cacher, Manipur valley), Bangladesh (Sylhet), Pakistan (Baluchistan coast), C Nicobars","N Eurasia, SE Asia"
"84","Emberiza bruniceps",8961,"Red-headed Bunting","Emberizidae (Buntings, American sparrows and allies)","LC","Red-headed Bunting","widespread winter visitor","NW & E Afghanistan, N Baluchistan, Peninsula, SE Sri Lanka, Afghanistan, Pakistan","C Asia"
"85","Emberiza buchanani",8939,"Grey-necked Bunting","Emberizidae (Buntings, American sparrows and allies)","LC","Grey-necked Bunting","sparse winter visitor","hills of N to E Afghanistan, Baluchistan, W India, SC Peninsula, Hyderabad, S Plains, Pakistan","W & C Asia"
"86","Emberiza fucata",8949,"Chestnut-eared Bunting","Emberizidae (Buntings, American sparrows and allies)","LC","Chestnut-eared Bunting","local resident & winter visitor","W Himalayas to N Pakistan to W Nepal, Assam valley to Manipur valley, Terai, Bangladesh, SW Bengal","C & E Asia"
"87","Emberiza fucata",8949,"Chestnut-eared Bunting","Emberizidae (Buntings, American sparrows and allies)","LC","Chestnut-eared Bunting","local resident & winter visitor","W Himalayas to N Pakistan to W Nepal, Assam valley to Manipur valley, Terai, Bangladesh, SW Bengal","C & E Asia"
"88","Emberiza leucocephalos",8931,"Pine Bunting","Emberizidae (Buntings, American sparrows and allies)","LC","Pine Bunting","sparse winter visitor","S to E Afghanistan, Himalayan foothills of N Pakistan to E Nepal, NE Arunachal","E palearctic, Iran, China"
"89","Emberiza pusilla",8950,"Little Bunting","Emberizidae (Buntings, American sparrows and allies)","LC","Little Bunting","sparse winter visitor","E India, C Nepal to NE Arunachal, Assam valley, S Assam hills (Meghalaya, Nagaland to Lushai hills), NE Bangladesh (Sylhet), W Himalayas, N Kashmir to W Nepal, S Andaman, SW Bangladesh","N Eurasia, SE Asia"
"90","Emberiza rutila",8955,"Chestnut Bunting","Emberizidae (Buntings, American sparrows and allies)","LC","Chestnut Bunting","sparse winter visitor","S Assam hills ( Manipur & Lushai hills), Ladakh, Chitral, Sikkim, Nepal, Bengal duars,NE Arunachal, Andamans","NE Asia, SE Asia"
"91","Emberiza schoeniclus",8966,"Reed Bunting","Emberizidae (Buntings, American sparrows and allies)","LC","Reed Bunting","local resident & sparse winter visitor","Afghanistan, Pakistan, NW India to delhi, Iranian Seistan","Palearctic"
"92","Emberiza spodocephala",1017759,"Black-faced Bunting","Emberizidae (Buntings, American sparrows and allies)","LC","Black-faced Bunting","sparse winter visitor","Assam valley, S Assam hills,NE & EC Bangladesh, Terai, Duars, C Nepal","E Asia"
"93","Falco amurensis",3604,"Amur Falcon","Falconidae (Falcons, Caracaras)","LC","Amur Falcon","widespread winter migrant","C & E Himalayas, S Assam hills (E Meghalaya, Cachar, Manipur), Peninsula, Maldives, Sri Lanka","SE Asia, Bhutan, NE Asia, SE Africa"
"94","Falco cherrug",3619,"Saker Falcon","Falconidae (Falcons, Caracaras)","EN","Saker Falcon","sparse winter visitor","N Afghanistan, N & W Pakistan, Gujarat, Delhi, Ladakh, Baluchistan, Nepal, NC Bangladesh","E Europe to NE Asia, E Africa, EC Asia"
"95","Falco columbarius",3608,"Merlin","Falconidae (Falcons, Caracaras)","LC","Merlin","widespread winter migrant","Afghanistan, NW India to Delhi","N Holarctic, N tropics"
"96","Falco naumanni",3589,"Lesser Kestrel","Falconidae (Falcons, Caracaras)","LC","Lesser Kestrel","widespread winter migrant","NE Afghanistan (Badakhshan), N Afghanistan, Delhi, S Assam Hills, Darjeeling, Nepal, Maldives, sri Lanka (Yala), Orissa","S palearctic, Africa"
"97","Falco peregrinus",1016472,"Peregrine Falcon","Falconidae (Falcons, Caracaras)","LC","Peregrine Falcon","widespread winter visitor & resident","Himalayas from W Himachal to Bhutan, S Assam hills (E Meghalaya), forested hills of C India, E Ghats, W Ghats, Sri Lanka, Gangetic plains, Nicobar, NW Afghanistan, Indus valley, N plains to Assam, S Assam hills (Cachar, Nagaland, Manipur), C Bangladesh, P","E China,SE Asia"
"98","Falco severus",3612,"Oriental Hobby","Falconidae (Falcons, Caracaras)","LC","Oriental Hobby","widespread resident","Himalayas from W Uttaranchal to Arunachal, S Assam hills (Cachar, Nagaland to Lushai hills), S W-Ghats, Sri Lanka, Murree hills, Pakistan, Kashmir","Philippines, SW Pacific"
"99","Falco subbuteo",3610,"Eurasian Hobby","Falconidae (Falcons, Caracaras)","LC","Eurasian Hobby","widespread winter visitor & local resident","N Afghanistan, WHimalayas from Chitral to Kashmir, Nepal, Bhutan, NW & CW Peninsula, C India,Terai, Duars, S Bangladesh, Cachar, Manipur, Maldives","Africa, SE Asia, W Indonesia"
"100","Falco tinnunculus",3590,"Common Kestrel","Falconidae (Falcons, Caracaras)","LC","Common Kestrel","widespread winter visitor & resident","NW & E Afghanistan, Baluchistan, Himalayas (Chitral Himachal, Kashmir), Bhutan, W Ghats & hills of Sri Lanka , Lakshadweep, Maldives, S Assam hills","Palearctic, Africa, W Indonesia, Philippines"
"101","Ficedula parva",32599,"Red-breasted Flycatcher","Muscicapidae (Chats and Old World flycatchers)","LC","Red-breasted Flycatcher","widespread winter visitor","Afghanistan (except mountains), Pakistan, Indus valley, S of Himalayas, NW & C India, NW Ghats, W Bengal, S India","W Palearctic, S Asia"
"102","Fringilla montifringilla",8757,"Brambling","Fringillidae (Finches and Hawaiian honeycreepers)","LC","Brambling","sparse winter visitor","Afghanistan, N Baluchistan, Pakistan, NWFP, Himalayas, Nepal, Bhutan","N & S Palearctic"
"103","Fulica atra",2944,"Common Coot","Rallidae (Rails, Gallinules, Coots)","LC","Common Coot","local resident & widespread winter visitor","S Afghanistan, Baluchistan, Sind, Kashmir, Gujarat, Peninsula, Kerala, Sri Lanka , Himalayas, Indus Valley (Pakistan), Nepal , Maldives, S Assam hills","Palearctic, Africa, Indonesia, Australia, Philippines"
"104","Gallinago gallinago",2990,"Common Snipe","Scolopacidae (Sandpipers, Snipes, Phalaropes)","LC","Common Snipe","widespread winter visitor & local resident","Badakhshan, Afghanistan, Kashmir, Himalayas to Assam valley, S Assam hills (E Meghalaya, Cachar, Manipur), NE Bangladesh, SW Bengal, Orissa, Gangetic plains, C India, Peninsula,Sri Lanka, Maldives, Andamans (South), N Baluchistan, NW Himalayas, Nepal, B","Palearctic, Africa to Indonesia, Philippines"
"105","Gallinago megala",2988,"Swinhoe's Snipe","Scolopacidae (Sandpipers, Snipes, Phalaropes)","LC","Swinhoe's Snipe","sparse winter visitor","Bombay, S India, Sri Lanka, Maldives, E Assam Valley, Nagaland, Calcutta, Nepal, Meghalaya, NE Bangladesh","N Asia, Australasia"
"106","Gallinago stenura",2987,"Pintail Snipe","Scolopacidae (Sandpipers, Snipes, Phalaropes)","LC","Pintail Snipe","widespread winter visitor","Peninsula from S Bobmbay, to EC India, S Nepal to Arunachal, Assam valley, S Assam hills (Lushai hills), Bangladesh, Maldives, S Andamans, Pakistan (S Sind), Kashmir to Himachal, NIcobars, Peninsula, Sri Lanka, NE India","N Asia, Indonesia, Philippines"
"107","Gavia arctica",3866,"Arctic Loon","Gaviidae (Loons/Divers)","LC","Arctic Loon","vagrant","Ambala, N Haryana","Palearctic, W N America"
"108","Glareola pratincola",3187,"Collared Pratincole","Glareolidae (Coursers, Pratincoles)","LC","Collared Pratincole","sparse winter visitor","N & SE Afghanistan, S Sind, Indus Valley (Pakistan), Panjab (India), Panjab (Pakistan), Gujarat, W coast of India, S Sri Lanka, Allahabad, Sind","Africa, S Palearctic to C Asia"
"109","Grus grus",2794,"Common Crane","Gruidae (Cranes)","LC","Common Crane","common winter visitor","NW india (Rajasthan, Gujarat), Kashmir, Gangetic plain, Assam valley, W & E Afghanistan, C Nepal, Indus river, Mekran coast(Pakistan)","N Palearctic, Africa, SE China"
"110","Haematopus ostralegus",32115,"Eurasian Oystercatcher","Haematopodidae (Oystercatchers)","NT","Eurasian Oystercatcher","widespread winter visitor","SW Afghanistan (Seistan), Pakistan coast W & E India, Bangladesh, Sri Lanka, Kashmir, C Nepal, Baluchistan, Maldives, Sunderbans (Khulna)","Palearctic, C Africa, SE Asia"
"111","Haliaeetus albicilla",3364,"White-tailed Sea-eagle","Accipitridae (Hawks, Eagles)","LC","White-tailed Eagle","sparse winter visitor","W Afghanistan (Seistan, Maimanah), W & S Pakistan, N sub-Himalayan region to Assam valley, NW Bangladesh","Palearctic, Middle East, SE Asia"
"112","Hieraaetus pennatus",3543,"Booted Eagle","Accipitridae (Hawks, Eagles)","LC","Booted Eagle","widespread winter visitor & local resident","N,E Afghanistan, W,N Pakistan,Kashmir, Ladakh, C Nepal, Himalayas, Sind (Pakistan), W Assam, Peninsula, Sri Lanka, Bangladesh, S Andaman","S & C Palearctic, S Africa, S Asia"
"113","Himantopus himantopus",1016812,"Black-winged Stilt","Recurvirostridae (Avocets, Stilts)","LC","Black-winged Stilt","local resident & widespread winter visitor","N & SE Afghanistan, N Pakistan, Kashmir, SE & N Baluchistan, Sind & C Indus Valley (Pakistan), Bombay, Delhi, Andhra, Sri Lanka, E Afghanistan, Baluchistan, Lakshadweep, Maldives, Ladakh, Nepal, Himalayas",""
"114","Hirundo rustica",7116,"Barn Swallow","Hirundinidae (Swallows and martins)","LC","Barn Swallow","widespread resident & winter visitor","Afghanistan (Kandahar), Baluchistan hills, Himalayas, Chitral (Pakistan), Arunachal, S Assam hills, Bangladesh, Maldives, Sri Lanka, Lakshadweep, Andamans, Nicobar, Assam valley, calcutta, Manipur","Almost cosmopolitan"
"115","Hypocolius ampelinus",7310,"Hypocolius","Hypocoliidae","LC","Grey Hypocolius","sparse winter visitor","Afghanistan, Seistan, Baluchistan, Sind, Kutch (Gujarat), S India to Bombay","Middle east, NE Africa"
"116","Jynx torquilla",538,"Eurasian Wryneck","Picidae (Woodpeckers)","LC","Eurasian Wryneck","local resident & widespread winter visitor","NE Afghanistan (Badakhshan), Kashmir, Himalayas of Chitral & Gilgit, W & S Pakistan, Himalayas from Pakistan to Assam valley, S Assam hills ( Meghalaya, Lushai hills), NE & C Bangladesh, W Himalayas","Palearctic, Africa to SE Asia"
"117","Lanius collurio",5526,"Red-backed Shrike","Laniidae (Shrikes)","LC","Red-backed Shrike","sparse passage migrant","Gilgit, Karachi, Pakistan, NW India, S Gujarat","W & C Palearctic, Africa"
"118","Lanius collurioides",5529,"Burmese Shrike","Laniidae (Shrikes)","LC","Burmese Shrike","sparse passage migrant","S Assam hills ( Manipur & Lushai hills), SE Bangladesh ( Chittagong), Cachar","S China, SE Asia"
"119","Lanius cristatus",5528,"Brown Shrike","Laniidae (Shrikes)","LC","Brown Shrike","widespread winter visitor","Himachal, Rajasthan, E Gujarat, Lakshadweep, Maldives, Sri Lanka, Andamans,Narcondam,N & C Nicobars, SL & SE coast of India","C & E Palearctic, E China, Indonesia"
"120","Lanius excubitor",1017645,"Great Grey Shrike","Laniidae (Shrikes)","LC","Northern Shrike","widespread resident","W & N Pakistan, Kashmir","holarctic"
"121","Lanius isabellinus",1017641,"Isabelline Shrike","Laniidae (Shrikes)","LC","Rufous-tailed Shrike","widespread winter visitor","N, C & S Afghanistan, Quetta (N Baluchistan), Pakistan, NW India, Maharashtra, Nepal, E Madhya Pradesh","W & C Asia to Mongolia, NE Africa to Middle East"
"122","Lanius tephronotus",5534,"Grey-backed Shrike","Laniidae (Shrikes)","LC","Grey-backed Shrike","local resident & widespread winter visitor","Himalayas, Ladakh to Arunachal, Terai, Daurs, S Assam hills (Khasi hills & Manipur), Calcutta, Bangladesh","China, Tibet, SE Asia"
"123","Larus brunnicephalus",3233,"Brown-headed Gull","Laridae (Gulls, Terns, Skimmers)","LC","Brown-headed Gull","widespread winter visitor & resident","Ladakh, saline lakes ( Panjab salt range, NWFP;NW Pakistan, Sambhar Lake;Rajasthan, salt Lakes near Calcutta), coast from Sri Lanka to Baluchistan, Gangetic plains, Bangladesh, Himalayas, W India, Maldives","C Asia, ME to SE Asia"
"124","Larus cachinnans",32603,"Caspian Gull","Laridae (Gulls, Terns, Skimmers)","LC","Caspian Gull","sparse winter visitor","Posible winterer to North West","SW Asia"
"125","Larus genei",3241,"Slender-billed Gull","Laridae (Gulls, Terns, Skimmers)","LC","Slender-billed Gull","widespread winter visitor","SW & E Afghanistan ( Seistan, Lake Ab-i-Estada, Kabul), N Baluchistan, Pakistan coast (Mekran), Gujarat, W & SE Indian coast, Sri Lanka (Mannar), Indian Panjab to SE Nepal","Mediterranean sea to WC Asia"
"126","Larus ichthyaetus",3232,"Pallas's Gull","Laridae (Gulls, Terns, Skimmers)","LC","Great Black-headed Gull","widespread winter visitor","coasts from Baluchistan to Sri Lanka, Bangladesh, Gangetic plains, Assam valley, Cachar, C India, NE & SW Afghanistan (Wakhan, Seistan), Ladakh, Nepal to Arunachal, Maldives","W & C Asia, E Africa to E Asia"
"127","Larus ridibundus",3240,"Black-headed Gull","Laridae (Gulls, Terns, Skimmers)","LC","Common Black-headed Gull","widespread winter visitor","N, W & E Afghanistan, N Baluchistan, Baluchistan & Sind coast, Indus Valley (Pakistan), NW & C india, Rajasthan, Gangetic plains to Assam, Cachar, Gujarat , W Indian coast, Maldives, Sri Lanka","N & C Eurasia , Paleotropics"
"128","Limnodromus semipalmatus",3038,"Asian Dowitcher","Scolopacidae (Sandpipers, Snipes, Phalaropes)","NT","Asian Dowitcher","sparse winter visitor","Ecoast India,Sri Lanka, SW Bengal (Calcutta), Bangladesh, Assam (Dibrugarh), Meghalaya (shillong-Baker)","C & E Asia, Australia"
"129","Limosa lapponica",3005,"Bar-tailed Godwit","Scolopacidae (Sandpipers, Snipes, Phalaropes)","NT","Bar-tailed Godwit","widespread winter visitor","Pakistan, W India, Bangladesh, Maldives, Sri Lanka, Lakshadweep, Nicobar, Indus Valley (Pakistan), NE Afghanistan","N Palearctic, Paleotropics"
"130","Limosa limosa",3003,"Black-tailed Godwit","Scolopacidae (Sandpipers, Snipes, Phalaropes)","NT","Black-tailed Godwit","widespread winter visitor","NW Afghanistan, Sind (Pakistan),Gangetic plain, Bihar, SE & C Nepal, Orissa, Manipur, NW Peninsula, Sri Lanka, E Afghanistan, Baluchistan, Lakshadweep, Maldives","W & C Palearctic, Africa, S Asia"
"131","Locustella certhiola",7590,"Pallas's Grasshopper-warbler","Locustellidae","LC","Pallas's Warbler","sparse winter visitor","NE Subcontinent ( C Nepal to Calcutta, Bangladesh, W Assam valley, Meghalaya), Sri Lanka, S Andamans, Afghanistan","C & E Palearctic, S China to W Indonesia"
"132","Locustella lanceolata",7588,"Lanceolated Warbler","Locustellidae","LC","Lanceolated Warbler","sparse winter visitor","Andamans, NIcobars, NE Bangladesh, Uttar Pradesh, Nepal (Terai), Sri Lanka","Palearctic, S China to W Indonesia"
"133","Locustella lanceolata",7588,"Lanceolated Warbler","Locustellidae","LC","Lanceolated Warbler","sparse winter visitor","Andamans, NIcobars, NE Bangladesh, Uttar Pradesh, Nepal (Terai), Sri Lanka","Palearctic, S China to W Indonesia"
"134","Lymnocryptes minimus",3000,"Jack Snipe","Scolopacidae (Sandpipers, Snipes, Phalaropes)","LC","Jack Snipe","sparse winter visitor","plains of N Afghanistan, E Afghanistan, N Baluchistan, Indus valley, Gangetic plains to Assam valley, S Assam hills (E Meghalaya, Cachar, Manipur), NE & C Bangladesh, Peninsula, Sri Lanka, Kashmir, Nepal, S Andamans","Palearctic, C Africa, SE Asia"
"135","Marmaronetta angustirostris",467,"Marbled Teal","Anatidae (Ducks, Geese, Swans)","VU","Marbled Teal","sparse winter visitor","NW & SW Afghanistan, N Baluchistan, S Sind, Baluchistan coast to Indus valley, NW India to C Uttar Pradesh, Maharashtra, Bihar, S W Bengal, Assam valley, N & C plains","S palearctic, C Africa"
"136","Melanocorypha bimaculata",8146,"Bimaculated Lark","Alaudidae (Larks)","LC","Bimaculated Lark","sparse winter visitor","Pakistan, W India, Delhi, N Maharashtra, SE & NE Afghanistan,N Afghanistan (Hindu Kush),Gilgit, Chitral","C & Middle E Asia"
"137","Mergellus albellus",497,"Smew","Anatidae (Ducks, Geese, Swans)","LC","Smew","sparse winter visitor","NW, NE & SE Afghanistan, Indus Valley, Gangetic plains, Assam valley, Cilka Lake (Orissa)","N Palearctic, S Palearctic, SE Asia"
"138","Mergus merganser",502,"Goosander","Anatidae (Ducks, Geese, Swans)","LC","Common Merganser","widespread winter visitor & local resident","Wakhan (NE Afghanistan), Ladakh to Lahul (N Himachal), Indus Valley (Pakistan), Himalayan foothills, Assam valley, NW Himalayas","Holarctic, Tibet, S Holarctic, SE Asia"
"139","Monticola solitarius",6295,"Blue Rock-thrush","Muscicapidae (Chats and Old World flycatchers)","LC","Blue Rock-Thrush","local resident & widespread winter visitor","Afghanistan, Baluchistan, Himalayas, Nepal, Sri Lanka, S Andamans, Car Nicobar, Hill ranges of Subcontinent","Palearctic, Paleotropics"
"140","Motacilla alba",8403,"White Wagtail","Motacillidae (Wagtails and pipits)","LC","White Wagtail","local resident & widespread winter visitor","Hills of Afghanistan, Himalayas from N Pakistan to Arunachal, Indus plains, Sri Lanka, Andamans, Lakshadweep, N plains, S Assam hills","Palearctic, Alaska, SE Asia, Philippines"
"141","Motacilla cinerea",8412,"Grey Wagtail","Motacillidae (Wagtails and pipits)","LC","Grey Wagtail","local resident & widespread winter visitor","S, C & NE Afghanistan, Baluchistan, Himalayas of Chitral to Bhutan, Sri Lanka, S Andaman, Narcondam, Nicobars, Bangladesh, Lakhadweep","Palearctic, Paleotropic"
"142","Motacilla citreola",8410,"Citrine Wagtail","Motacillidae (Wagtails and pipits)","LC","Citrine Wagtail","local resident & widespread winter visitor","Afghanistan, Baluchistan, Himalayas, Chitral (NW Pakistan), Himachal, Indus Valley (Pakistan), S Peninsula, SE Sri Lanka","Palearctic, C Asia, ME to S China, SE asia"
"143","Motacilla flava",1018059,"Western Yellow Wagtail","Motacillidae (Wagtails and pipits)","LC","Yellow Wagtail","widespread winter visitor","N Afghanistan, N Panjab, Garo hills (W Meghalaya), NW India, W Nepal, NW Peninsula, Andamans, Nicobars, S India to Sri Lanka, Kashmir, Ladakh, Bhutan","Palearctic, Alaska, Africa to Australasia"
"144","Muscicapa dauurica",6490,"Asian Brown Flycatcher","Muscicapidae (Chats and Old World flycatchers)","LC","Asian Brown Flycatcher","local resident & widespread winter visitor","Himalayas, N Pakistan (Murree hills), Nepal, Bhutan, C India, E Ghats, W Ghats, Peninsula, Sri Lanka, Andamans, Nicobar, Meghalaya, NE Bangladesh, Ladakh, NE Asia","Indonesia, Philippines"
"145","Netta rufina",469,"Red-crested Pochard","Anatidae (Ducks, Geese, Swans)","LC","Red-crested Pochard","widespread winter visitor","NE & SW Afghanistan (Wakhan, Seistan), N plains from E Afghanistan to Assam valley, Bangladesh, Peninsula","S Palearctic, SE Asia"
"146","Nettapus coromandelianus",414,"Cotton Pygmy-goose","Anatidae (Ducks, Geese, Swans)","LC","Cotton Pygmy-Goose","widespread resident","NE Afghanistan (Kabul), NW Pakistan, W Kashmir, Sind, Gujarat,Delhi, Assam valley, Peninsula, Maldives, Sri Lanka, Andamans","E Asia, Australia"
"147","Numenius arquata",3012,"Eurasian Curlew","Scolopacidae (Sandpipers, Snipes, Phalaropes)","NT","Eurasian Curlew","widespread winter visitor","Maldives, Lakshadweep, Chagos, Andamans, Nicobars, Indus river (Pakistan), Ganges river (N India), Nepal, SW Afghanistan (seistan), E Afghanistan, Baluchistan, Indus Valley, Chitral to Ladakh, Bhutan, Assam valley, Manipur valley, Tapi river, Maha","N & C Palearctic, Africa, Indonesia, Philippines"
"148","Numenius phaeopus",3009,"Whimbrel","Scolopacidae (Sandpipers, Snipes, Phalaropes)","LC","Whimbrel","widespread winter visitor","coast of India, Sri Lanka, Lakshadweep, Maldives, Chagos, Andamans (South, Middle & Viper 1), Nicobars, EC Afghanistan (Lake Ab-I-Estada), Baluchistan, Sind, Gilgit, Kashmir to Bhutan, W India, Gangetic plain to Assam","Holarctic, Temperate & Tropical zone"
"149","Oenanthe deserti",6707,"Desert Wheatear","Muscicapidae (Chats and Old World flycatchers)","LC","Desert Wheatear","local resident & widespread winter visitor","Afghanistan, W Pakistan, Himalayas of Kashmir to C Nepal, NW india (Rajasthan, Gujarat), Kerala, Sri Lanka, Assam, Bangladesh","N Africa, Middle East, C Asia to W China"
"150","Oenanthe isabellina",6709,"Isabelline Wheatear","Muscicapidae (Chats and Old World flycatchers)","LC","Isabelline Wheatear","widespread winter visitor","Afghanistan, W Pakistan (N Baluchistan, S NWFP), NW India (gujarat, Rajasthan), Nepal, S India to Bombay, Maldives, Bhutan, Arunachal, Sri Lanka","E Europe to Mongolia, NE Africa, Middle East"
"151","Oenanthe picata",6701,"Variable Wheatear","Muscicapidae (Chats and Old World flycatchers)","LC","Variable Wheatear","widespread winter visitor","Afghanistan, W & N Pakistan, Khashmir, S Afghanistan, E Pakistan, W India, W Nepal, W Madhya Pradesh, N Maharashtra, SW Asia",""
"152","Otus brucei",2174,"Pallid Scops-owl","Strigidae (Typical Owls)","LC","Pallid Scops-Owl","vagrant","NE Afghanistan (Wakhan), W & N Pakistan (Baluchistan, Gilgit, W Sind), plains of Pakistan, W Maharashtra, Ambala (N Haryana), Delhi","Arabian Peninsula to WC Asia"
"153","Oxyura leucocephala",359,"White-headed Duck","Anatidae (Ducks, Geese, Swans)","EN","White-headed Duck","sparse winter visitor","NW & NE Afghanistan, N Baluchistan, N Indus valley to Gangetic plain, Calcutta","SW & C Palearctic"
"154","Pandion haliaetus",3324,"Osprey","Pandionidae (Osprey)","LC","Osprey","widespread winter visitor & local resident","NE Afghanistan (Nuristan), E Gilgit to Assam valley, S Assam hills, Bangladesh, Peninsula to Sri lanka, Maldives, Lakshadweep, Andamans, Nicobars, W Himalayas","Holarctic, Australasia, S Hemisphere"
"155","Passer hispaniolensis",8368,"Spanish Sparrow","Passeridae (Sparrows, snowfinches and allies)","LC","Spanish Sparrow","widespread winter visitor","W, N & C Afghanistan, NW India (Haryana, Rajasthan to Gujarat), Pakistan (Panjab, Sind), E Nepal, SE Uttarpradesh, N Pakistan to Baluchistan","S Palearctic to C Asia"
"156","Pelecanus crispus",3811,"Dalmatian Pelican","Pelecanidae (Pelicans)","VU","Dalmatian Pelican","sparse winter visitor","Iranian Seistan, Baluchistan, Sind coasts & deltas (S Pakistan), Kutch & Kathiawar (S Gujarat), Rajasthan, W to C Gangetic plains,NW Afghanistan (Kabul), NW Pakistan, Indus Valley (Pakistan), Assam, Sri Lanka","S & C Eurasia"
"157","Pelecanus onocrotalus",3809,"Great White Pelican","Pelecanidae (Pelicans)","LC","Great White Pelican","widespread winter visitor & local resident","Kutch, Sind, Gujarat to W Gangetic Plains, Gangetic Plains to Assam valley, NE & EC Bangladesh, E Afghanistan (Kabul & Kandahar), NW Pakistan, Indus valley, Peninsular coast, Maldives","S & C Eurasia, Africa"
"158","Pericrocotus divaricatus",5970,"Ashy Minivet","Campephagidae (Cuckoo-shrikes)","LC","Ashy Minivet","vagrant","C Peninsula,W Khandesh, Bombay, C & SE Bangladesh, Andamans","SE Asia, NE Asia"
"159","Pericrocotus roseus",5968,"Rosy Minivet","Campephagidae (Cuckoo-shrikes)","LC","Rosy Minivet","local resident & sparse winter visitor","Himalayas of NWFP, Duars, Assam valley, NE Ghats, W Khandesh (Maharashtra), S Assam hills, Bangladesh, Karachi, W Himalayas","S China to SE Asia"
"160","Phaethon lepturus",3650,"White-tailed Tropicbird","Phaethontidae (Tropicbirds)","LC","White-tailed Tropicbird","vagrant","Maldives, Chagos, W & S coast of Sri Lanka, Andamans, Cachar","all tropical seas"
"161","Phalacrocorax carbo",3679,"Great Cormorant","Phalacrocoracidae (Cormorants)","LC","Great Cormorant","widespread winter visitor & resident","SW Afghanistan (Seistan), N Afghanistan (Badakhshan), Sind, Saurashtra (Gujarat), Gangetic plains, Indian Panjab to Assam valley, C India, E Peninsula, S India, Sri Lanka, NE Afghanistan (Kabul, Jalalabad), Baluchistan coast to Indus valley, S Nepal, Bang","E Hemisphere, NW Atlantic coast"
"162","Phalaropus fulicarius",3065,"Red Phalarope","Scolopacidae (Sandpipers, Snipes, Phalaropes)","LC","Red Phalarope","vagrant","Calcutta, Bikaner (Rajasthan), Islamabad (Pakistan)","N Palearctic, W coast of S America, Africa"
"163","Phalaropus lobatus",3064,"Red-necked Phalarope","Scolopacidae (Sandpipers, Snipes, Phalaropes)","LC","Red-necked Phalarope","widespread winter visitor","coasts of Mekran & Sind (Pakistan), Gujarat coast, coast of SE India, Sri Lanka, Afghanistan, Pakistan, NW India, W Nepal, Bihar (Patna), S India, Rajasthan (Sambhar Lake)","N Holarctic, Africa, Arabian sea, Pacific Ocean"
"164","Phoenicurus auroreus",6655,"Daurian Redstart","Muscicapidae (Chats and Old World flycatchers)","LC","Daurian Redstart","local resident & winter visitor","NW Bengal to E Himalayas, Assam valley, S Assam hills (Nagaland & Manipur), E Bangladesh, N Arunachal","SE Tibet to NE China, S China, Japan"
"165","Phoenicurus hodgsoni",6653,"Hodgson's Redstart","Muscicapidae (Chats and Old World flycatchers)","LC","Hodgson's Redstart","sparse winter visitor","Himalayas of W Nepal to NE Arunachal, S Assam hills (Khasi hills, Nagaland, Manipur), Uttaranchal","E Tibet, China, N Myanmar"
"166","Phoenicurus ochruros",6651,"Black Redstart","Muscicapidae (Chats and Old World flycatchers)","LC","Black Redstart","local resident & widespread winter visitor","N,C & S Afghanistan, Baluchistan, W & N Pakistan, Sikkim, Himalayas, S Assam hills , Sri Lanka","Palearctic, NE Africa, Myanmar"
"167","Phylloscopus affinis",7709,"Tickell's Leaf-warbler","Phylloscopidae","LC","Tickell's Leaf-Warbler","widespread winter visitor","Himalayas of N Pakistan to Bhutan, Sub-Himalaya plains, S W Bengal, E Peninsular India, SW Ghats, Assam valley, S Assam hills","Tibet, W China, Myanmar"
"168","Phylloscopus fuscatus",7707,"Dusky Warbler","Phylloscopidae","LC","Dusky Warbler","widespread winter visitor","sub-Himalayan plains from Utter Pradesh to Assam, NE India, Bangladesh, S & M Andamans, Narcondam, N Pakistan, Sri Lanka, Kashmir, Meghalaya, E Nepal (Terai to Duars)","SE Tibet to NE Asia, S China, SE Asia"
"169","Phylloscopus griseolus",7711,"Sulphur-bellied Warbler","Phylloscopidae","LC","Sulphur-bellied Warbler","local resident & common winter visitor","EC & NE Afghanistan, Baluchistan, Safed Koh, Himalayas of N Pakistan from Chitral to N Himachal, C India (Madhya Pradesh), N W Ghats","C Asia"
"170","Phylloscopus inornatus",7719,"Yellow-browed Warbler","Phylloscopidae","LC","Inornate Warbler","local resident & widespread winter visitor","Himalayan footlines of C Nepal to Arunachal, S Assam hills (Meghalaya, South to Lushai Hills), Bangladesh (Chittagongs, Ganges delta), Narcondam, S Andaman, E Ghats of Andhra Pradesh, W Khandesh, NE India","C & E palearctic, S China, SE Asia"
"171","Phylloscopus neglectus",7704,"Plain Leaf-warbler","Phylloscopidae","LC","Plain Leaf-Warbler","sparse winter visitor","Afghanistan, Baluchistan, Kashmir, Indus valley, Sind, S & C Panjab (Pakistan)","SW & C Asia"
"172","Phylloscopus sindianus",30128,"Mountain Chiffchaff","Phylloscopidae","LC","Mountain Chiffchaff","sparse winter visitor","Himalayas from Chitral (NW Pakistan), Gilgit, Hunza, Baltistan, Ladakh, Rupshu,Zaskar, to Lahul (N Himachal), Kashmir valley, Sind, Haryana, Uttar Pradesh, Madhya Pradesh (Bheraghat), Seistan, Iran-Afghan border (helmand river), Ghorbad","W & C Asia, W Tibet"
"173","Phylloscopus trochiloides",1018141,"Greenish Warbler","Phylloscopidae","LC","Greenish Warbler","local resident & widespread winter visitor","N Afghanistan, Himalayas of N Pakistan to Arunachal, Cachar, Terai, NW Peninsula, Sri Lanka, W Meghalaya (Garo hills), W assam valley, C Bangladesh (Dhaka), himalayas of nepal, Duars, Calcutta, NE Ghats, S Assam hills, Himalayas, Andamans","W & C Palearctic, NW Mongolia, SE Tibet, W China, N & SE Asia"
"174","Platalea leucorodia",3802,"Eurasian Spoonbill","Threskiornithidae (Ibises, Spoonbills)","LC","Eurasian Spoonbill","widespread winter visitor & resident","S Sind (Pakistan), N India to Assam, S India, Sri Lanka, Mekran coast, Indus valley, NW & E Afghanistan, N Pakistan","Eurasia, Africa"
"175","Plegadis falcinellus",3777,"Glossy Ibis","Threskiornithidae (Ibises, Spoonbills)","LC","Glossy Ibis","widespread winter visitor & resident","N plains, S India, Sri Lanka","CE & SE Hemisphere, E & N America"
"176","Pluvialis fulva",3112,"Pacific Golden Plover","Charadriidae (Plovers)","LC","Pacific Golden-Plover","widespread winter visitor","Pakistan to Bangladesh, Maldives, Lakshadweep, Sri Lanka, S Andamans, Car & C Nicobars, Chagos, S Afghanistan, N Subcontinent, Peninsula","N Asia, Alaska, E Africa to W USA"
"177","Pluvialis squatarola",3114,"Grey Plover","Charadriidae (Plovers)","LC","Grey Plover","widespread winter visitor","Maldives, Lakshadweep, Chagos, S Andamans, NIcobars, E Afghanistan","N holarctic, S Asia, S Africa, South of S america"
"178","Podiceps cristatus",3639,"Great Crested Grebe","Podicipedidae (Grebes)","LC","Great Crested Grebe","local resident & sparse winter visitor","Iranian Seistan, Khushdil Khan Lake (Baluchistan), Kashmir (Wular Lake), Ladakh, W Gangetic Plain (Doab, Avadh, Fategarh), Kutch & Kathiawar (SW Gujarat), NW India, Gangetic plains to Assam valley,NW Afghanistan (Kabul), NW Pakistan, Baluchistan, Indus Va","E Hemisphere"
"179","Podiceps grisegena",3638,"Red-necked Grebe","Podicipedidae (Grebes)","LC","Red-necked Grebe","vagrant","NW Asia, Iranian Seistan, NE Afghanistan (Kabul), N & C Pakistan, W India, W Gujarat, NW Himachal, W Gangetic plain, Assam","Holarctic, Caspian region"
"180","Podiceps nigricollis",3641,"Black-necked Grebe","Podicipedidae (Grebes)","LC","Black-necked Grebe","sparse winter visitor","Iran, NE & SE Afghanistan, Baluchistan,Saline Lakes of Indus Valley (Pakistan), C Nepal, Gujarat,W Gangetic plain, E Assam valley, NE Bangladesh","Coastal Orissa, Pune, Holarctic, Africa"
"181","Porzana porzana",2903,"Spotted Crake","Rallidae (Rails, Gallinules, Coots)","LC","Spotted Crake","common winter visitor","NW & NC plains, Peninsula","W & C Palearctic, Africa, S Asia"
"182","Prunella atrogularis",8475,"Black-throated Accentor","Prunellidae (Accentors)","LC","Black-throated Accentor","sparse winter visitor","Afghanistan, Baluchistan, W Himalayas, N Pakistan, Nepal","S Tibet, W & C Asia"
"183","Pterocles alchata",2959,"Pin-tailed Sandgrouse","Pteroclidae (Sandgrouse)","LC","Pin-tailed Sandgrouse","vagrant","W Afghanistan, SW Baluchistan, W Pakistan, NW India (Haryana to Gujarat), SW palearctic to W Asia",""
"184","Pterocles orientalis",2964,"Black-bellied Sandgrouse","Pteroclidae (Sandgrouse)","LC","Black-bellied Sandgrouse","widespread winter visitor & resident","Afghanistan, Baluchistan, Pakistan, NW india (Rajasthan, Gujarat), Karnataka, Nepal","SW Palearctic, C Asia"
"185","Pterocles senegallus",2962,"Spotted Sandgrouse","Pteroclidae (Sandgrouse)","LC","Spotted Sandgrouse","sparse winter visitor","SW Afghanistan, Sind, Pakistan, W Rajasthan, NW India (Rajasthan, Gujarat)","N Africa, Middle East"
"186","Ptyonoprogne obsoleta",7113,"Pale Rock Martin","Hirundinidae (Swallows and martins)","LC","Pale Crag-Martin","Native (Local Migrant)","S Afghanistan, S Waziristan, N Baluchistan, Sind, Kutch (Gujarat)","N Africa to W Asia"
"187","Puffinus persicus",3945,"Persian Shearwater","Procellariidae (Petrels, Shearwaters)","LC","Persian Shearwater","sparse summer visitor","Mekran & Karachi coast, Bombay","islands of Arabian Peninsula"
"188","Rallus aquaticus",1016504,"Western Water Rail","Rallidae (Rails, Gallinules, Coots)","LC","Water Rail","common winter visitor, some resident","SW, NW & NE Afghanistan, Baluchistan to Gilgit, Pakistan, W Uttaranchal, Rajastan","W & C Palearctic, N Africa to W S Asia"
"189","Recurvirostra avosetta",3107,"Pied Avocet","Recurvirostridae (Avocets, Stilts)","LC","Pied Avocet","widespread winter visitor & local resident","EC Afghanistan (Lake Ab-i-Estada), Sind (Pakistan), Kutch (S Gujarat), Afghanistan, N India, W coast of India, Sri Lanka, Assam & Bangladesh coast, Kashmir, Nepal, Baluchistan, Lakshadweep","Palearctic, Africa, SE Asia"
"190","Rynchops albicollis",3206,"Indian Skimmer","Laridae (Gulls, Terns, Skimmers)","VU","Indian Skimmer","widespread resident","N Pakistan (NWFP, N Indus valley), S Sind, NW I ndia, Rajasthan to Madhya Pradesh, W Bihar, SE Madhya Pradesh, EC Andhra Pradesh, N Maharashtra (Dhule), SW Gujarat, N West coast, coastal & inland Bangladesh, S Nepal to W Assam","SE Asia"
"191","Sarkidiornis melanotos",1016940,"African Comb Duck","Anatidae (Ducks, Geese, Swans)","LC","Comb Duck","Native (Local Migrant)","Lahor, SE Sind (Pakistan), N Plains to Assam valley, S Peninsula, N Kerala, Sri Lanka","Africa to SE Asia"
"192","Saxicola insignis",6680,"White-throated Bushchat","Muscicapidae (Chats and Old World flycatchers)","VU","White-throated Bushchat","sparse winter visitor","sub-Himalayan terai, Duars, Haryana to W Bengal, Assam valley","W Kazakhstan to Inner Mongolia, S Asia"
"193","Saxicola torquatus",6682,"Common Stonechat","Muscicapidae (Chats and Old World flycatchers)","LC","Siberian Stonechat","local resident & widespread winter visitor","C & NE Afghanistan, W & N Pakistan, Himalayas to Arunachal, S Assam hills (Assam & Nagaland), S Andamans","Eurasia, Africa"
"194","Scolopax rusticola",2978,"Eurasian Woodcock","Scolopacidae (Sandpipers, Snipes, Phalaropes)","LC","Eurasian Woodcock","widespread winter visitor & resident","N & E Afghanistan, Baluchistan, NWFP, Himalayas of N Pakistan to Arunachal, Himalayas, S Assam hills ( Meghalaya, Lushai hills), W & E Ghats, Karnataka, S India, Sri Lanka, C & NE Bangladesh","Palearctic, N Africa to Indonesia"
"195","Stercorarius parasiticus",3201,"Arctic Jaeger","Stercorariidae (Skuas)","LC","Parasitic Jaeger","sparse winter visitor","Pakistan coast, Mekran","N Holarctic, all South oceans coast"
"196","Stercorarius pomarinus",3200,"Pomarine Jaeger","Stercorariidae (Skuas)","LC","Pomarine Jaeger","sparse winter visitor","S & W coast of India, Pakistan coast, Sri Lanka","N Holarctic, S oceans"
"197","Sterna hirundo",3270,"Common Tern","Laridae (Gulls, Terns, Skimmers)","LC","Common Tern","widespread winter visitor & resident","N, W & EC Afghanistan, Ladakh, E sri Lanka, Adam's bridge, Pakistan coast, Bangladesh coast, Nepal, Bhutan, Chagos, N Baluchistan, islets of Jaffna Peninsula & Sri Lanka","Holarctic"
"198","Streptopelia orientalis",2501,"Oriental Turtle-dove","Columbidae (Pigeons, Doves)","LC","Oriental Turtle-Dove","widespread resident & winter visitor","C to E Afghanistan, Himalayas of N Pakistan to C Nepal to Arunachal, S Assam hills (Meghalaya, South to Lushai Hills), NE Bangladesh (Sylhet), C India, W & NE Ghats, Peninsula to Sri lanka, Maldives, Lakshadweep","C Asia, Tibet to NE Asia, SE Asia"
"199","Sula sula",3658,"Red-footed Booby","Sulidae (Gannets, Boobies)","LC","Red-footed Booby","vagrant","Islands of Chagos, Maldives, Lakshadweep, Sri Lanka, Bay of Bengal","all tropical seas"
"200","Sylvia curruca",32426,"Lesser Whitethroat","Sylviidae (Old World warblers)","LC","Lesser Whitethroat","widespread winter visitor","Afghanistan, N Subcontinent, W Bengal, Nepal, NE Bangladesh, Peninsula, Sri Lanka","W palearctic, NE Africa"
"201","Tadorna ferruginea",397,"Ruddy Shelduck","Anatidae (Ducks, Geese, Swans)","LC","Ruddy Shelduck","widespread winter visitor & local resident","N Afghanistan, Chitral (Pakistan), Ladakh, N Nepal, Bhutan, Iraian Seistan, E Afghanistan, Indus valley, N plains to assam valley, Ganges Delta, Peninsular India, Sri Lanka, Lakshadweep, S Andaman","C Eurasia, SE Asia"
"202","Tadorna tadorna",402,"Common Shelduck","Anatidae (Ducks, Geese, Swans)","LC","Common Shelduck","Native (Local Migrant)","E Afghanistan (Lake Ab-i-Estada), Baluchistan, Seistan, Sind, N Afghanistan, E Panjab (Pakistan), N plains to Assam valley, Chilka Lake (Orissa), N Maharastra, Indus Valley (Pakistan)","C Palearctic, N Africa, SE Asia"
"203","Tetrax tetrax",2759,"Little Bustard","Otididae (Bustards)","NT","Little Bustard","vagrant","NW & SE Afghanistan, Mekran coast (Pakistan), N Pakistan, Gilgit, Kashmir, Saharunpur (Uttar Pradesh)","SW to SC palearctic"
"204","Tichodroma muraria",6904,"Wallcreeper","Sittidae (Nuthatches and Wallcreeper)","LC","Wallcreeper","local resident & widespread winter visitor","Hills of NC & NE Afghanistan, Himalayas from N Pakistan, Gangetic plain, Meghalaya","Palearctic"
"205","Tringa erythropus",3016,"Spotted Redshank","Scolopacidae (Sandpipers, Snipes, Phalaropes)","LC","Spotted Redshank","widespread winter visitor","SW Afghanistan (Seistan), Indus Valley (Pakistan), N plain to Bihar, W Assam, Bangladesh, SW & N Gujarat, Madras, Sri Lanka, E Afghanistan, N Pakistan, NC Nepal","N Palearctic, Africa to SE Asia"
"206","Tringa glareola",3025,"Wood Sandpiper","Scolopacidae (Sandpipers, Snipes, Phalaropes)","LC","Wood Sandpiper","widespread winter visitor","S Afghanistan, Indus valley (Pakistan), Himalayas to Assam valley, S Assam hills (Meghalaya, Cacher), Bangladesh, Peninsula to Sri Lanka, Maldives, S Andamans, Lakshadweep, Chagos, Afghanistan, W & NW Pakistan, W & NW India, Nepal","Palearctic, Africa to Australasia"
"207","Tringa glareola",3025,"Wood Sandpiper","Scolopacidae (Sandpipers, Snipes, Phalaropes)","LC","Wood Sandpiper","widespread winter visitor","S Afghanistan, Indus valley (Pakistan), Himalayas to Assam valley, S Assam hills (Meghalaya, Cacher), Bangladesh, Peninsula to Sri Lanka, Maldives, S Andamans, Lakshadweep, Chagos, Afghanistan, W & NW Pakistan, W & NW India, Nepal","Palearctic, Africa to Australasia"
"208","Tringa nebularia",3019,"Common Greenshank","Scolopacidae (Sandpipers, Snipes, Phalaropes)","LC","Common Greenshank","widespread winter visitor","S Afghanistan, Baluchistan, Indus Valley (Pakistan), Himalayas to Assam valley, Manipur, Bangladesh, Peninsula, Maldives, Sri Lanka, Lakshadweep, Chagos, Andamans (Middle & South)","Palearctic, Africa to Australia"
"209","Tringa ochropus",3024,"Green Sandpiper","Scolopacidae (Sandpipers, Snipes, Phalaropes)","LC","Green Sandpiper","widespread winter visitor","SE Afghanistan, Baluchistan, Indus valley (Pakistan), Himalayas to Arunachal, S Assam hills (E Meghalaya, Cachar, Manipur, Lushai hills), C & NE Bangladesh, Peninsula to Sri Lanka, S Andamans, Lakshadweep","Palearctic, Africa to Indonesia, Philippines"
"210","Tringa stagnatilis",3018,"Marsh Sandpiper","Scolopacidae (Sandpipers, Snipes, Phalaropes)","LC","Marsh Sandpiper","widespread winter visitor","NWFP, Indus valley (Pakistan), Gangetic plains, Delhi to Assam valley, Manipur valley, C & NE Bangladesh, Peninsula, Sri Lanka, Maldives","C palearctic, Africa to Australia"
"211","Tringa totanus",3017,"Common Redshank","Scolopacidae (Sandpipers, Snipes, Phalaropes)","LC","Common Redshank","widespread winter visitor & resident","E Afghanistan (Dasht-e-Narwar, Wakhan), Himalayas (Astor valley, Baltistan, Ladakh, Rupshu) N Sikkim, Maldives, Lakshadweep, S Andamans, Nicobars","Palearctic, Africa to Indonesia, Philippines"
"212","Turdus feae",6398,"Grey-sided Thrush","Turdidae (Thrushes)","VU","Grey-sided Thrush","sparse winter visitor","S Assam hills (Khasi hills, N Cachar, S Nagaland, Manipur), NE India, NE W-Bengal","NE China, SE Asia"
"213","Turdus obscurus",6399,"Eyebrowed Thrush","Turdidae (Thrushes)","LC","Eyebrowed Thrush","sparse winter visitor","Bhutan to Arunachal, S Assam hills, Lushai hills, S Andamans, Narcondam, NE & SE Bangladesh, Himalayas, C Nepal, S Peninsula, Sri Lanka, Maldives","C & E Palearctic, W Indonesia"
"214","Upupa epops",984,"Common Hoopoe","Upupidae (Hoopoes)","LC","Eurasian Hoopoe","widespread resident & winter visitor","Afghanistan, W Pakistan, W Himalayas, Kashmir, Bhutan, Indus Valley (Pakistan), Gangetic plain to Assam valley, Peninsula, Maldives, Sri Lanka, Lakshadweep, S Andamans","Palearctic, Tibet, SE Asia"
"215","Vanellus cinereus",3164,"Grey-headed Lapwing","Charadriidae (Plovers)","LC","Grey-headed Lapwing","widespread winter visitor","Eastern plains, C Nepal, Bihar, Assam, S Assam hills (Cachar, Manipur), NW & C Bangladesh, SW Bengal (Calcutta), Orissa, Delhi, Bharatpur, Kashmir, N & S Gujarat, S Peninsula, SE Sri Lanka, S Andamans, Himalayan foothills","NE Asia, SE Asia"
"216","Vanellus gregarius",3172,"Sociable Lapwing","Charadriidae (Plovers)","CR","Sociable Lapwing","sparse winter visitor","Indus Valley, W India (Haryana to Bihar), S & E Maharashtra, N & W Afghanistan, N Baluchistan, N Pakistan, Himachal Pradesh, S tip of India, W coast of Sri Lanka, Maldives","SC Russia, Kazakhsta, NE Africa to S Asia"
"217","Vanellus vanellus",3153,"Northern Lapwing","Charadriidae (Plovers)","NT","Northern Lapwing","widespread winter visitor","Afghanistan, Pakistan (N Baluchistan, Indus valley, Chitral), Kashmir, N plains to Assam valley, NE Bangladesh, S Gujarat (Kathiyawar), N Bhutan","Palearctic, N Africa to SE Asia"
"218","Acrocephalus aedon",NA,NA,NA,NA,"Thick-billed Warbler","sparse winter visitor","Terai of Nepal, Duars of W Bengal, Assam, S Assam hills (Meghalaya, Manipur), E Bangladesh, Calcutta, SW to N Eastern Ghats, S Peninsula, W Ghats from S Goa, Andamans (South, Long, Narcondam), Nicobars (Camorta)","NE Asia, SE Asia"
"219","Acrocephalus arundinaceus",NA,NA,NA,NA,"Great Reed-Warbler","sparse winter visitor","NW Afghanistan, N Baluchistan, Pakistan, Ladakh, Iran","C Asia, W Palearctic, Africa"
"220","Acrocephalus orinus",NA,NA,NA,NA,"Large-billed Reed-warbler","Vagrant","Himachal, (near Rampur, Sutlej valley)",""
"221","Acrocephalus schoenobaenus",NA,NA,NA,NA,"Sedge Warbler","vagrant","Ladakh, Afghanistan, Baluchistan","W & C Palearctic, W Iran, Africa"
"222","Aegolius funereus",NA,NA,NA,NA,"Boreal Owl","vagrant","N Himachal, N Pakistan","Holarctic"
"223","Aix galericulata",NA,NA,NA,NA,"Mandarin Duck","vagrant","NE India, Assam valley, E Nepal, NE Bangladesh, Manipur","E Asia, UK"
"224","Anas  platyrhynchos",NA,NA,NA,NA,"Mallard","widespread winter visitor & local resident","Afghanistan, Himalayas, N Subcontinent","Holarctic, N Africa, C & SE Asia"
"225","Anas albogularis",NA,NA,NA,NA,"Sunda Teal","local resident & winter visitor","Andamans","Coco islands, Myanmar"
"226","Anas clypeata",NA,NA,NA,NA,"Northern Shoveler","widespread winter visitor","NE Afghanistan (Kabul), E Afghanistan, SW Afghanistan (Seistan), N plains to Assam valley, Peninsula to Sri Lanka, Maldives, Himalayas","Holarctic, tropics"
"227","Anas falcata",NA,NA,NA,NA,"Falcated Duck","sparse winter visitor","NW Afghanistan, Indus Valley (Pakistan), W Gujarat, N plains to Assam valley, S Assam hills, Bangladesh, S & W Bengal","NE Asia, E Asia"
"228","Anas formosa",NA,NA,NA,NA,"Baikal Teal","vagrant","Bihar, W Bengal, E Assam, sind, Panjab, Pakistan,NW India, NE Bangladesh, NE Afghanistan","N, C & S Asia"
"229","Anas penelope",NA,NA,NA,NA,"Eurasian Wigeon","widespread winter visitor","Afghanistan, Pakistan, N plain to Assam valley, Peninsula to Sri Lanka","N Eurasia, Paleotropics"
"230","Anas querquedula",NA,NA,NA,NA,"Garganey","widespread winter visitor","S Sind (Pakistan), SC Nepal, Assam valley, Peninsula to Sri Lanka, Maldives, Afghanistan, Indus Valley, NW India to Nepal, Lakshadweep","Eurasia, C Africa to SE Asia"
"231","Anas strepera",NA,NA,NA,NA,"Gadwall","widespread winter visitor","NW & SW Afghanistan (Seistan), N Subcontinent, Sri Lanka","Holarctic, SE Asia, C Africa"
"232","Anous minutus",NA,NA,NA,NA,"Black Noddy","vagrant","Lakshadweep, Nicobar, Minicoy, Mouth of Ganges, Sri Lanka","Pelagic, Pantropical oceans"
"233","Anser erythropus",NA,NA,NA,NA,"Lesser White-fronted Goose","vagrant","N Pakistan, Haryana, C Uttar Pradesh, NE Bihar, Sind, Kashmir, Assam, W Bengal, Bangladesh, Pune (NW Maharashtra), Iranian Seistan, E Myanmar","N palearctic, S palearctic"
"234","Anser fabalis",NA,NA,NA,NA,"Bean Goose","vagrant","Nepal, Panjab, Assam,SE Bangladesh","N Palearctic, S Palearctic"
"235","Anthus pratensis",NA,NA,NA,NA,"Meadow Pipit","vagrant","NE Afghanistan (Kabul), NWFP, NW Pakistan, Kashmir, Sind, Gujarat,Delhi, Assam valley, Bharatpur, Firozpur, Hisar, Garhwal","W Palearctic, N Africa, W Asia"
"236","Aquila clanga",NA,NA,NA,NA,"Greater Spotted Eagle","widespread winter visitor & resident","NE Afghanistan, Sind, Indus valley, N plains to W Assam, C Bangladesh, C India, C & S Peninsula","C to E Palearctic, Africa to SE Asia"
"237","Ardea sumatrana",NA,NA,NA,NA,"Great-billed Heron","local resident & winter visitor","Nicobars (Trinkut, Katchall, Great Nicobar, coast of SE Asia to Australia",""
"238","Ardeola grayii",NA,NA,NA,NA,"Indian Pond-Heron","widespread resident","Indus valley to Assam valley, S Assam hills, Peninsula to Sri Lanka, Maldives, Lakshadweep, Andamans, C NIcobars, Myanmar","S Thailand, Middle East"
"239","Bombycilla garrulus",NA,NA,NA,NA,"Bohemian Waxwing","vagrant","Hills of Baluchistan, Karachi, Himalayas of Afghanistan-Pakistan, himalayas (india), Nepal","Holarctic"
"240","Branta ruficollis",NA,NA,NA,NA,"Red-breasted Goose - vagrant","vagrant","Madhya Pradesh, Assam","Siberia, SE Europe, SW Asia"
"241","Bulweria bulwerii",NA,NA,NA,NA,"Bulwer's Petrel","vagrant","Maldives, SW Sri Lanka, Lakshadweep","Tropical seas"
"242","Bulweria fallax",NA,NA,NA,NA,"Jouanin's Petrel","sparse summer visitor","W coast of India, N Indian ocean, Socotra","Arabian sea to Indonesia"
"243","Bulweria fallax",NA,NA,NA,NA,"Jouanin's Petrel","sparse summer visitor","W coast of India, N Indian ocean, Socotra","Arabian sea to Indonesia"
"244","Butastur teesa",NA,NA,NA,NA,"White-eyed Buzzard","widespread resident","NE Afghanistan (Nuristan), NW Pakistan, NW Himalayas to Himachal, Sub-Himalayas from SW Baluchistan to W Bengal, NC Bangladesh, S Peninsula, S Assam hills","SE Iran to Myanmar, S Tibet"
"245","Butorides striatus",NA,NA,NA,NA,"Striated Heron","widespread resident","along coasts & major River from Sind to Assam valley, S Assam hills, Bangladesh, Peninsula to Sri Lanka, Maldives, S & M Andamans, Car & C Nicobars, W Baluchistan, Lakshadweep","Almost cosmopolitan exept N America"
"246","Calandrella brachydactyla",NA,NA,NA,NA,"Greater Short-toed Lark","widespread winter visitor","Afghanistan, Ladakh, N Pakistan, W Himalayas, NW India, South India to Bombay, East India to Delhi, Peninsula","S Europe, N Afica, NC Asia"
"247","Calonectris leucomelas",NA,NA,NA,NA,"Streaked Shearwater","Summer & Winter visitor","coast of Sri lanka & extreme S India, NW Pacific, E Indian Ocean","Israel"
"248","Carduelis spinus",NA,NA,NA,NA,"Eurasian Siskin","vagrant","NE Afghanistan (Kabul), Himalayas of Himachal, C Nepal","W Palearctic, E Asia"
"249","Casmerodius albus",NA,NA,NA,NA,"Great Egret","Widespread resident & sparse winter visitor","NE & W Afghanistan, N & S Indus valley, Mekran coast (Pakistan), Himalayas to Assam valley, Sri Lanka, Baluchistan, Maldives, S Andaman","cosmopolitan"
"250","Catharacta lonnbergi",NA,NA,NA,NA,"Brown Skua","vagrant","Sri Lanka, W India coast (Ratnagiri, S Maharastra, Udipi, Karnataka, Trivendrum), Lakshadweep, Maldives","Subantartic, Antartic, S oceans"
"251","Catharacta maccormicki",NA,NA,NA,NA,"South Polar Skua","vagrant","W coast of Sri Lanka, Lakshadweep, Maldives, Sri Lanka","Antarctica, most Oceans"
"252","Cettia canturians",NA,NA,NA,NA,"Manchurian Bush-Warbler","vagrant","W Bengal (Duars), Cachar, Khasi hills","N & E China, S China to Philippines"
"253","Cettia cetti",NA,NA,NA,NA,"Cetti's Warbler","sparse winter visitor","NW & S Afghanistan, Pakistan, NW india (Rajasthan, Panjab)","W Palearctic"
"254","Ceyx rufidorsa",NA,NA,NA,NA,"Rufous-backed Kingfisher","vagrant","Sikkim terai","S SE Asia to Indonesia, Philippines"
"255","Charadrius asiaticus",NA,NA,NA,NA,"Caspian Plover","vagrant","W & SE coast of India, Maldives, Sri Lanka (lowlands)","SW & C Asia, Africa"
"256","Charadrius veredus",NA,NA,NA,NA,"Oriental Plover","vagrant","S Sri Lanka, S Andamans","NE Asia, Australia"
"257","Chlamydotis undulata",NA,NA,NA,NA,"Houbara Bustard","winter visitor","E, W & S Afghanistan, SW Pakistan (Mekran coast to WC Baluchistan), W, S & E Pakistan, NW Kathiawar Peninsula (Gujarat) to W Rajasthan, NE India to Delhi, N Kerala","N Africa to C Asia"
"258","Chlidonias hybridus",NA,NA,NA,NA,"Whiskered Tern","widespread winter visitor & resident","Kashmir, Gangetic plain, from Delhi to Bihar, N,SW & NE Afghanistan, Indus valley, Assam valley, Bangladesh, Assam, E & S Peninsula, Sri Lanka, Afghanistan, Baluchistan, Gilgit, Ladakh, NW India, Nepal","SW Palearctic, Africa to Australia"
"259","Ciconia boyciana",NA,NA,NA,NA,"Oriental Stork","vagrant","NE India, Manipur","NE Asia, E Asia"
"260","Circus spilonotus",NA,NA,NA,NA,"Eastern Marsh Harrier","sparse winter visitor","NE India","NE Asia, SE Asia to New Guinea"
"261","Coccothraustes coccothraustes",NA,NA,NA,NA,"Hawfinch","sparse winter visitor","WC Afghanistan (Obeh), N Baluchistan, Himalayas of N Pakistan to Kashmir","Palearctic"
"262","Cygnus bewickii",NA,NA,NA,NA,"Tundra Swan","vagrant","Winter vagrent to North West","Palearctic"
"263","Elseyornis melanops",NA,NA,NA,NA,"Black-fronted Dotterel","vagrant","Pulicat Lake (Madras)","New Zealand, Australia"
"264","Emberiza citrinella",NA,NA,NA,NA,"Yellowhammer - vagrant","vagrant","N & E Afghanistan, Ladakh, W & C Nepal","W & C Eurasia"
"265","Emberiza godlewskii",NA,NA,NA,NA,"Godlewski's Bunting","local resident & sparse winter visitor","Himalayas of N Arunachal, E Bhutan, Tibet, Sikkim, Tibetan Arun Valley, Nepal to Bhutan","C & E Asia"
"266","Emberiza hortulana",NA,NA,NA,NA,"Ortolan Bunting","vagrant","NW Afghanistan (Tirphul), N Pakistan, Baluchistan, NW india from Kashmir to Gujarat, Afghanistan","W Eurasia, Middle East, Africa"
"267","Emberiza melanocephala",NA,NA,NA,NA,"Black-headed Bunting","widespread winter visitor","W India, E Nepal, Baluchistan, Pakistan, Iran, SE Sri Lanka","W Asia,E Europe"
"268","Eurynorhynchus pygmeus",NA,NA,NA,NA,"Spoonbill Sandpiper","sparse winter visitor","coastal Bangladesh, W Bengal, Kerala, Tamil Nadu (Point Calimere), Sri Lanka, Orissa (Chilka Lake), Calcutta, Assam valley, Maldives","NE Asia, SE Asia"
"269","Falco concolor",NA,NA,NA,NA,"Sooty Falcon","sparse summer visitor","W Mekran coast (SW Pakistan)","NE Africa, Middle East, S Africa"
"270","Falco pelegrinoides",NA,NA,NA,NA,"Barbary Falcon","sparse winter visitor","Afghanistan, Baluchistan, Pakistan, W india, Gujarat,Delhi, Gangetic plain, N Madhya Pradesh","C Nepal, N Africa, WC Asia"
"271","Ficedula zanthopygia",NA,NA,NA,NA,"Yellow-rumped Flycatcher","vagrant","C & SW India, Sri Lanka","NE Asia, SE Asia to W Indonesia"
"272","Fregata andrewsi",NA,NA,NA,NA,"Christmas Frigatebird","vagrant","Sri Lanka, Andaman, Christmas Island, E Indian ocean","Kenya"
"273","Fregata ariel",NA,NA,NA,NA,"Lesser Frigatebird","vagrant","Maldives, Chagos, S & W coast of Sri Lanka, W coast of India (Bombay, Quilon, Trivandrum), Madras","all Tropical seas"
"274","Fregata minor",NA,NA,NA,NA,"Great Frigatebird","vagrant","Maldives, Chagos, S & W coast of Sri Lanka, all Indian coast, Lakshadweep","all Tropical seas"
"275","Fregetta tropica",NA,NA,NA,NA,"Black-bellied Storm-Petrel","vagrant","W regional waters, Bay of Bengal","Subantartic & Antartic"
"276","Fringilla coelebs",NA,NA,NA,NA,"Chaffinch","sparse winter visitor","NW Afghanistan, Baluchistan, Pakistan, Himalayas, Bhutan","W Palearctic"
"277","Gallinago media",NA,NA,NA,NA,"Great Snipe","vagrant","S India, Sri Lanka","N Palearctic, Africa"
"278","Grus leucogeranus",NA,NA,NA,NA,"Siberian Crane","rare winter visitor","Keoladeo Ghana WLS (Bharatpur), N India, E Sind to Bihar, Lake Ab-i-Estada (E Afghanistan), Ladakh, N Pakistan, Iranian Seistan, W & EC Siberia, Caspian, Bharatpur","SE China"
"279","Grus monacha",NA,NA,NA,NA,"Hooded Crane","vagrant","NE India, Manipur, Cachar, Assam, NE Yamuna","NE Asia, EC Asia"
"280","Grus nigricollis",NA,NA,NA,NA,"Black-necked Crane","winter visitor, breeds in Ladakh","Ladakh, Kashmir, Sikkim, Bhutan, Nepal, W Bengal, Arunachal, Tibet","China, SE Asia"
"281","Grus virgo",NA,NA,NA,NA,"Demoiselle Crane","Native (Local Migrant)","NW & NC Afghanistan to Nepal, Gujarat to Haryana, N plains to Bihar, Bangladesh, Assam, Bhutan, S Subcontinent","C Palearctic, Africa to S Asia, Myanmar"
"282","Hippolais caligata",NA,NA,NA,NA,"Booted Warbler","widespread winter visitor","Peninsula, SE & W Bengal, Sri Lanka, N Afghanistan, Bangladesh, Ganges delta","W & C Palearctic"
"283","Hippolais pallida",NA,NA,NA,NA,"Olivaceous Warbler","Vagrant","NW Afghanistan, Rajasthan (Bharatpur), Iranian Baluchistan","W Palearctic, Sub-Saharan Africa"
"284","Hippolais rama",NA,NA,NA,NA,"Sykes's Warbler","widespread winter visitor","Afghanistan, Pakistan (N Baluchistan, Sind, NWFP), NW India (Panjab), Subcontinent east to Bihar, S India to Sri Lanka, NW plains to Uttar Pradesh","WC Asia"
"285","Hirundo daurica",NA,NA,NA,NA,"Red-rumped Swallow","widespread resident & winter visitor","Afghanistan, hills of Baluchistan, Himalayas of Chitral to Bhutan, Peninsular hills, Sri Lanka, Lakshadweep, Kashmir, Himalayas from Murree hills to Arunachal, N plain, Rawalpindi, Andamans, Nicobar","S Palearctic, C Africa, E Asia, Africa to SE Asia"
"286","Ibidorhyncha struthersii",NA,NA,NA,NA,"Ibisbill","Native (Local Migrant)","Gilgit, N Kashmir, Himalayas to W Arunachal, Nepal hills, NE Afghanistan","C & E Asia"
"287","Lanius minor",NA,NA,NA,NA,"Lesser Grey Shrike","vagrant","W to NE Afghanistan, SW & SE Afghanistan, Baluchistan","Europe to C Asia, Sub-Saharan Africa"
"288","Larus canus",NA,NA,NA,NA,"Mew Gull","vagrant","NE Afghanistan (Kabul), NE Pakistan, Iranian Seistan","Holarctic, N tropics"
"289","Larus hemprichii",NA,NA,NA,NA,"Sooty Gull","vagrant","Baluchistan to Sind coast (S Pakistan), Astola 1 island, Indus River, Karachi, Bombay, Maldives, Madras, Sri Lanka","E African coast, Middle East"
"290","Larus minutus",NA,NA,NA,NA,"Little Gull","vagrant","Ladakh (Pituk), N India (Kutch, Bhavnager, Gujarat)","N & C Palearctic, Africa, E Asia"
"291","Limicola falcinellus",NA,NA,NA,NA,"Broad-billed Sandpiper","sparse winter visitor","Coasts from Baluchistan to Sri Lanka, Bangladesh, S Andamans, Nicobar, E Pakistan, Bihar","N Palearctic, Paleotropics"
"292","Locustella naevia",NA,NA,NA,NA,"Grasshopper Warbler","sparse winter visitor","W Ghats, C India, Sri Lanka, NW, C & NE Affghanistan, Pakistan, India, NE Bangladesh","W & C Palearctic, N Africa"
"293","Luscinia calliope",NA,NA,NA,NA,"Siberian Rubythroat","widespread winter visitor","Himalayan foothills, Duars, E Uttaranchal, Assam valley, Assam hills, Bangladesh (Chittagongs), Rajasthan, Tamil Nadu","C & E palearctic, SE Asia"
"294","Luscinia cyane",NA,NA,NA,NA,"Siberian Blue Robin","vagrant","Simla, C Uttaranchal, C Nepal, W Assam, W Arunachal, Manipur, S Andaman, Himalayas","NE Asia, SE Asia to W Indonesia"
"295","Luscinia megarhynchos",NA,NA,NA,NA,"Common Nightingale","vagrant","N & C Afghanistan, Quetta (Pakistan), Baluchistan, Uttaranchal","W & C Palearctic, Africa"
"296","Luscinia pectardens",NA,NA,NA,NA,"Firethroat","vagrant","Meghalaya (Garo Hills), NE Arunachal, NE Bangladesh","SE Tibet, W China, N Myanmar"
"297","Mergus serrator",NA,NA,NA,NA,"Red-breasted Merganser","vagrant","NW & NE Afghanistan, Mekran coast to Karachi Harbour (Pakistan), N Baluchistan, S Indus valley","N Holarctic, SE Asia"
"298","Milvus lineatus",NA,NA,NA,NA,"Black-eared Kite","widespread winter visitor","NW Himalayas, Kashmir, Sikkim,Plains of Pakistan, S Assam hills (E Meghalaya, Cachar, Manipur), EC Afghanistan","Tibet, NE Asia, SE Asia"
"299","Milvus milvus",NA,NA,NA,NA,"Red Kite","vagrant","Nepal, semi-deserts in India, Uttaranchal (Kumaon)","SW Palearctic"
"300","Monticola saxatilis",NA,NA,NA,NA,"Rufous-tailed Rock-Thrush","sparse passage migrant","NW & NE Afghanistan, N Baluchistan, Baltistan, Hunza, Pkistan, Ladakh","S Palearctic, Africa"
"301","Montifringilla blanfordi",NA,NA,NA,NA,"Plain-backed Snowfinch","sparse winter visitor","E Ladakh,N Nepal, Sikkim, Himalayas of Uttaranchal & Bhutan","Tibet, China"
"302","Montifringilla davidiana",NA,NA,NA,NA,"Small Snowfinch","local resident & winter visitor","Sikkim","Mongolia"
"303","Montifringilla ruficollis",NA,NA,NA,NA,"Rufous-necked Snowfinch","sparse winter visitor","Tibetian border in Himalayas of Nepal, N W Bengal (Darjeeling), Sikkim, E Ladakh","Tibet, China"
"304","Montifringilla taczanowskii",NA,NA,NA,NA,"White-rumped Snowfinch","vagrant","SE Ladakh, NW Nepal, Sikkim","Tibet, China"
"305","Muscicapa striata",NA,NA,NA,NA,"Spotted Flycatcher","sparse passage migrant","N & E Afghanistan, N Baluchistan, Himalayas in Chitral, Gilgit, Baltistan","Palearctic, Africa"
"306","Mycteria leucocephala",NA,NA,NA,NA,"Painted Stork","widespread resident","S Sind, Gangetic plains, Gujarat to Panjab, NE & S Peninsula, Sri Lanka, C Bangladesh","E Asia"
"307","Oceanodroma monorhis",NA,NA,NA,NA,"Swinhoe's Storm-Petrel","sparse winter visitor","S coasts of Sri Lanka, Lakshadweep","NW Pcific, W Pacific to W Indian Ocean, W Europe"
"308","Oenanthe oenanthe",NA,NA,NA,NA,"Northern Wheatear","vagrant","NW, C & NE Afghanistan, Chitral, W & N Pakistan, Maldives","Palearctic, Greenland to W Alaska, Sub-Saharan Africa"
"309","Oenanthe xanthoprymna",NA,NA,NA,NA,"Rufous-tailed Wheatear","sparse winter visitor","N, C & E Afghanistan, Pakistan (NW Baluchistan), S Afghanistan, Pakistan, W India (Rajasthan, Gujarat)","Middle East"
"310","Oenanthe xanthoprymna",NA,NA,NA,NA,"Rufous-tailed Wheatear","sparse winter visitor","N, C & E Afghanistan, Pakistan (NW Baluchistan), S Afghanistan, Pakistan, W India (Rajasthan, Gujarat)","Middle East"
"311","Otis tarda",NA,NA,NA,NA,"Great Bustard","vagrant","NW Afghanistan, Baluchistan, NW Pakistan","C Palearctic"
"312","Otus scops",NA,NA,NA,NA,"Eurasian Scops-Owl","winter visitor","E Afghanistan (Badakhshan to Kandahar), N & W Pakistan,Baltistan, S Pakishan (sind, mekran coast), W India, Maharashtra (Bombay, Pune), W Uttar Pradesh, NC Nepal","S & W Palearctic, C Afica"
"313","Pelagodroma marina",NA,NA,NA,NA,"White-faced Storm-Petrel","sparse summer visitor","seas between Nicobars & S Sri Lanka to Lakshadweep, Maldives, Chagos","Pelagic, S oceans, N Atlantic"
"314","Pernis ptilorhyncus",NA,NA,NA,NA,"Oriental Honey-buzzard","widespread winter visitor & resident","Indus valley to Assam valley, S Assam hills (E Meghalaya, N Cachar, S Nagaland, Manipur), Peninsula to Sri Lanka, Andamans, Ladakh, Himalayas of Nepal, Mhow & Bhundara (Madhya Pradesh), Nander ( N Andhra Pradesh), Patna (Bihar), Mangpu (W Bengal), Chardua","NE Asia, Indonesia, Philippines"
"315","Phaethon aethereus",NA,NA,NA,NA,"Red-billed Tropicbird","vagrant","Mekran coast (SW Pakisan), W Peninsula to SW coast of Sri Lanka, SE Maldives, Andamans, Bay of Bengal","Pelagic, Tropical seas, island of Arebia"
"316","Philomachus pugnax",NA,NA,NA,NA,"Ruff","sparse winter visitor","Gangetic plains, coastal S India, Sri Lanka, Afghanistan, Pakistan, NW & W India, Nepal, Maldives","N Eurasia, Africa to Australia"
"317","Phoenicopterus minor",NA,NA,NA,NA,"Lesser Flamingo","common winter visitor, some resident","S Gujarat (Great Runn of Kutch), Rajasthan (Sambhar Lake)","Africa, Arabian Peninsula"
"318","Phoenicopterus ruber",NA,NA,NA,NA,"Greater Flamingo","widespread winter visitor & local resident","E Afghanistan (Dasht-e-Narwar, Lake Ab-i-Estada), S Gujarat (Great Runn of Kutch), Mekran coast, Indus valley, Gangetic plains, Peninsula, Sri Lanka","SW Palearctic, C Asia, Afica"
"319","Phoenicurus erythronota",NA,NA,NA,NA,"Eversmann's Redstart","sparse winter visitor","S NW & NE Afghanistan, Pakistan (N Baluchistan to NWFP), Himalayas of N India to WC Nepal, W Afghanistan to Ladakh","W & C Asia, Middle East"
"320","Phylloscopus borealis",NA,NA,NA,NA,"Arctic Warbler","vagrant","Andamans (Little & South)","N Palearctic, Alaska, SE Asia, NW Australia"
"321","Phylloscopus coronatus",NA,NA,NA,NA,"Eastern Crowned-Warbler","vagrant","Sikkim, Assam, S Assam hills","NE Asia, SE Asia to W Indonesia"
"322","Phylloscopus fuligiventer",NA,NA,NA,NA,"Smoky Warbler","local resident & winter visitor","Himalayas of Uttaranchal to Bhutan, Bharatpur to Nepal Terai, W Bengal, Assam, Duars, Bangladesh","S & SE Tibet, Myanmar"
"323","Phylloscopus schwarzi",NA,NA,NA,NA,"Radde's Warbler","vagrant","India (Rajasthan), Nepal, Bangladesh","E Palearctic, S China, SE Asia"
"324","Phylloscopus subviridis",NA,NA,NA,NA,"Brooks's Leaf-Warbler","widespread winter visitor","NE Afghanistan,Himalayas, chitral, Gilgit, Indus Valley, hills of N Pakistan, Rajasthan, Etawah, Himachal","C Asia"
"325","Phylloscopus tenellipes",NA,NA,NA,NA,"Pale-legged Leaf-Warbler","vagrant","Narcondam (Andamans), Great Nicobar","E Palearctic, SE Asia"
"326","Phylloscopus trochilus",NA,NA,NA,NA,"Willow Warbler - vagrant","vagrant","Maldives","Russian Turkestan, Iran, Iranian Balucistan, W Palearctic, tropical Africa"
"327","Pluvialis apricaria",NA,NA,NA,NA,"Eurasian Golden-Plover","vagrant","Pakistan coast, kutch, Indian Panjab, Lucknow, Assam (Dibrugarh)","NW & NC Palearctic, N Africa, W Middle East"
"328","Podiceps auritus",NA,NA,NA,NA,"Horned Grebe","vagrant","NW Iranian Seistan, SE & N Baluchistan, N Indus valley (Pakistan), Uttaranchal","Holarctic"
"329","Porzana parva",NA,NA,NA,NA,"Little Crake","vagrant","E Afghanistan (Kandahar), Baluchistan (Quetta), Sind, Upper Indus valley, Bombay, Karnataka","W & C palearctic, C Africa, Middle East"
"330","Porzana pusilla",NA,NA,NA,NA,"Baillon's Crake","common winter visitor, some resident","EC Afghanistan(Shibar Kotal), Gilgit, Kashmir, SE & NW Afghanistan, Baluchistan, sind, C & S Bangladesh, Andamans,W Assam, SW Bengal, Sri Lanka, C,SW & NW India (Simla, Etawah, Deesa, Bihar, Kerala)","C & S Asia, Europe, Africa, Australia, Philippines"
"331","Prunella himalayana",NA,NA,NA,NA,"Rufous-streaked Accentor","sparse winter visitor","NE Afghanistan (Salang pass, Nuristan,Badakhshan), Kashmir, Himalayas of N Pakistan to Bhutan, Arunachal, NW India","SE Tibet, C Asia"
"332","Prunella montanella",NA,NA,NA,NA,"Siberian Accentor","vagrant","Ladakh","NE Asia"
"333","Pterocles coronatus",NA,NA,NA,NA,"Crowned Sandgrouse","Vagrant","S Afghanistan, Pakistan (Baluchistan to Sind, NWFP), W Indus river","N Africa, Middle East"
"334","Pterodroma baraui",NA,NA,NA,NA,"Barau's Petrel","sparse summer visitor","SW Indian Ocean, N Indian Ocean","Pelagic"
"335","Puffinus carneipes",NA,NA,NA,NA,"Flesh-footed Shearwater","sparse summer visitor","Lakshdweep, W Sri Laka, St paul 1(S Indian ocean), Indian ocean","Australasia, Pacific ocean"
"336","Puffinus pacificus",NA,NA,NA,NA,"Wedge-tailed Shearwater","sparse summer visitor","Chagos, Maldives, Sri Lanka, Lakshadweep","WC Indian coast, Pacific, Indian Oceans"
"337","Rallina fasciata",NA,NA,NA,NA,"Red-legged Crake","vagrant","N cachar (assam)","Myanmar to Indonesia, Philippines"
"338","Remiz coronatus",NA,NA,NA,NA,"White-crowned Penduline-tit","rare winter visitor","NE Afghanistan (Badakhshan), Pakistan, Indus valley, Afghanistan, Indian Panjab, Ladakh","C Asia"
"339","Rhinomyias brunneata (R.nicobaricus )",NA,NA,NA,NA,"Brown-chested Jungle-Flycatcher (Nicobar Jungle-Flycatcher)","Vagrant","S Nicobars (Great & Little), Andamans, islands of Nicobars","Malaysia"
"340","Rhodopechys githaginea",NA,NA,NA,NA,"Trumpeter Finch","sparse winter visitor","Afghanistan, W & N Pakistan (Baluchistan, Sind, NWFP to Chithal), Mekran coast, W India (Rajasthan, Haryana, Gujarat)","N Africa to W Asia"
"341","Rhodopechys mongolica",NA,NA,NA,NA,"Mongolian Finch","sparse winter visitor","mountains of Afghanistan, Himalayas from Chitral to Ladakh, Baluchistan, NW Nepal","C Asia"
"342","Rhodopechys sanguinea",NA,NA,NA,NA,"Crimson-winged Finch","vagrant","NW to NE Afghanistan, Chitral (Pakistan), Ladakh","N Africa to C Asia"
"343","Sterna acuticauda",NA,NA,NA,NA,"Black-bellied Tern","widespread resident","Indus Valley, NWFP (Pakistan), Gangetic Plains, Assam valley, Bangladesh, Rivers of C India, E Peninsula, SW Afghanistan","SE Asia"
"344","Sterna albifrons",NA,NA,NA,NA,"Little Tern","widespread resident","N & W Afghanistan, Inus valley, Uttan Washi (Bombay), Gangetic plains, C India, Sri Lanka, Chagos, E Afghanistan, W coasts from Baluchistan to Bombay, Maldives, Lakshadweep, East coast of India, S Andaman","Tropical"
"345","Sterna caspia",NA,NA,NA,NA,"Caspian Tern","widespread winter visitor","SW & E Afghanistan, W coast from Baluchistan to Gujarat, N & SE coast of Sri Lanka, Gangetic plain, Ganges delta, Nepal, Maldives, N Baluchistan, Indus Valley, NW India","Nearly Worldwide"
"346","Sterna nilotica",NA,NA,NA,NA,"Gull-billed Tern","widespread winter visitor & local resident","NW, SW & E Afghanistan (Turkestan, Seistan, Lake Ab-i-Estada), N Baluchistan, Lasbela (Pakistan), NE Indus valley, S W-Bengal, Chilka Lake (Orissa), Sri Lanka, Maldives, Andamans, N Panjab Salt range (Pakistan), Sambhar Lake (Rajasthan), gangetic plains,","Tropical Zones"
"347","Sterna paradisaea",NA,NA,NA,NA,"Arctic Tern","vagrant","Kashmir","N Holarctic, S Holarctic, Antarctic"
"348","Sterna sandvicensis",NA,NA,NA,NA,"Sandwich Tern","sparse winter visitor","Coasts from Baluchistan to Gujarat, Goa to Sri Lanka, Panjab, coastal Orissa, Pakistan, Atlantic Ocean","Caribbean, Mediterranean, Black & Caspion seas"
"349","Sturnus roseus",NA,NA,NA,NA,"Rosy Starling","widespread winter visitor & migrant","NW Afghanistan, NW & S India, Sri Lanka, E & W Bengal, Andamans, NE & SE Bangladesh","E Europe, Middle East"
"350","Sturnus sinensis",NA,NA,NA,NA,"White-shouldered Starling","vagrant","Manipur","S China, SE Asia"
"351","Sturnus sturninus",NA,NA,NA,NA,"Purple-backed Starling","vagrant","N Pakistan, Nicobars (Camorta, Car Nicobar), Sri Lanka, Nepal, S India, Andamans","NE Asia, SE Asia"
"352","Sturnus vulgaris",NA,NA,NA,NA,"Common Starling","widespread winter visitor & migrant","Indus Valley, Pakistan, Afghanistan, Kashmir, Panjab, Peninsula, Maldives, NW, S & E Subcontinent","Palearctic"
"353","Sula dactylatra",NA,NA,NA,NA,"Masked Booby","vagrant","islets of Chagos, Maldives, Lakshadweep, Mekran coast to Sri Lanka, Nasik (NW Maharashtra)","all tropical seas"
"354","Sula leucogaster",NA,NA,NA,NA,"Brown Booby","vagrant","Lakshadweep, Maldives, Sri Lanka, Indian ocean","Islands of Tropical seas"
"355","Sylvia althaea",NA,NA,NA,NA,"Hume's Whitethroat","resident and winter visitor","Afghanistan, Baluchistan, Himalayas from Chitral to Ladakh, Murree hills, Garhwal, W Ghats, E Ghats, Sri Lanka","SW W-Palearctic, S Iran"
"356","Sylvia borin",NA,NA,NA,NA,"Garden Warbler","vagrant","Ladakh","W Palearctic, tropical Asia"
"357","Sylvia communis",NA,NA,NA,NA,"Greater Whitethroat","sparse passage migrant","N Afghanistan, Pakistan, NW india, Baluchistan, Ladakh","W & C Palearctic, Africa"
"358","Sylvia minula",NA,NA,NA,NA,"Small Whitethroat","sparse winter visitor","S Himalayas of Pakishan, Indus Valley, NW India (Haryana to Gujarat), W & S Afghanistan, Sri Lanka","C Asia"
"359","Sylvia nana",NA,NA,NA,NA,"Desert Warbler","sparse winter visitor","plain of Pakistan, deserts of NW India (Haryana, Rajasthan, Kutch), W & C Afghanistan, S Baluchistan","W Palearctic, NE Africa, Middle East"
"360","Sylvia nisoria",NA,NA,NA,NA,"Barred Warbler","vagrant","NE & NC Afghanistan, Gilgit, NW Himalayas, Ladakh","W & C Palearctic, Africa"
"361","Syrrhaptes paradoxus",NA,NA,NA,NA,"Pallas's Sandgrouse","vagrant","W Rajasthan","W Asia to E China"
"362","Tringa cinerea",NA,NA,NA,NA,"Terek Sandpiper","widespread winter visitor","coasts from Baluchistan to Sri Lanka, Bangladesh, Maldives, S & M Andamans, Nicobar (Car), Lakshadweep, NE Afghanistan, NW Himalayas to W Gangetic plains, Nepal","C & E Palearctic, Africa to Australasia"
"363","Tringa hypoleucos",NA,NA,NA,NA,"Common Sandpiper","widespread winter visitor & resident","NE & C Afghanistan, Baluchistan,Lahul (N Himachal), Indus Valley, Mekran coast(Pakistan), Himalayas to Assam valley, S Assam hills ( Manipur & Lushai hills), Bangladesh, Peninsula to Sri Lanka, Maldives, Lakshadweep, Chagos, Andamans (South & surroundi","Palearctic, Africa to Australia"
"364","Turdus dissimilis",NA,NA,NA,NA,"Black-breasted Thrush","sparse winter visitor","S Assam hills (SE Arunachal to Manipur), E Bangladesh (Tippera hills)","S China, N & SE Asia"
"365","Turdus kessleri",NA,NA,NA,NA,"White-backed Thrush","vagrant","Himalayas of C Nepal to Bhutan","S & E Tibet, W & C China"
"366","Turdus naumanni",NA,NA,NA,NA,"Dusky Thrush","sparse winter visitor","Himalayas of N Pakistan to NE India, Khasi hills (E Meghalaya), SE Bangladesh","C &E Palearctic, SE Asia"
"367","Turdus philomelos",NA,NA,NA,NA,"Song Thrush","vagrant","S Pakistan, NW India (Ladakh, Bharatpur)","W Palearctic"
"368","Turdus pilaris",NA,NA,NA,NA,"Fieldfare","vagrant","N India, Saharanpur (Utter Pradesh), Simla, Kashmir","W & C Palearctic, NW Iran"
"369","Turdus ruficollis",NA,NA,NA,NA,"Dark-throated Thrush","widespread winter visitor","N & S Afghanistan, N & S Baluchistan, Himalayas of N Pakistan to Arunachal, S Assam hills ( Meghalaya, Cachar), S Pakistan, C Bangladesh, N plains, N to NC India","C Russia, Middle East, N Myanmar"
"370","Zoothera sibirica",NA,NA,NA,NA,"Siberian Thrush","sparse winter visitor","Manipur, Maharashtra, S Andaman, Narcondam","C & E Palearctic, W Indonesia"
