"SpcRecID","Scientific name","English name","Family","Global IUCN Red List Category"
"194","Coturnix coturnix","Common Quail","Phasianidae (Pheasants, Partridges, Turkeys, Grouse)","LC"
"195","Coturnix japonica","Japanese Quail","Phasianidae (Pheasants, Partridges, Turkeys, Grouse)","NT"
"349","Dendrocygna bicolor","Fulvous Whistling-duck","Anatidae (Ducks, Geese, Swans)","LC"
"359","Oxyura leucocephala","White-headed Duck","Anatidae (Ducks, Geese, Swans)","EN"
"366","Cygnus olor","Mute Swan","Anatidae (Ducks, Geese, Swans)","LC"
"369","Cygnus cygnus","Whooper Swan","Anatidae (Ducks, Geese, Swans)","LC"
"371","Cygnus columbianus","Tundra Swan","Anatidae (Ducks, Geese, Swans)","LC"
"380","Anser caerulescens","Snow Goose","Anatidae (Ducks, Geese, Swans)","LC"
"379","Anser indicus","Bar-headed Goose","Anatidae (Ducks, Geese, Swans)","LC"
"378","Anser anser","Greylag Goose","Anatidae (Ducks, Geese, Swans)","LC"
"376","Anser albifrons","Greater White-fronted Goose","Anatidae (Ducks, Geese, Swans)","LC"
"490","Clangula hyemalis","Long-tailed Duck","Anatidae (Ducks, Geese, Swans)","VU"
"494","Bucephala clangula","Common Goldeneye","Anatidae (Ducks, Geese, Swans)","LC"
"497","Mergellus albellus","Smew","Anatidae (Ducks, Geese, Swans)","LC"
"502","Mergus merganser","Goosander","Anatidae (Ducks, Geese, Swans)","LC"
"402","Tadorna tadorna","Common Shelduck","Anatidae (Ducks, Geese, Swans)","LC"
"397","Tadorna ferruginea","Ruddy Shelduck","Anatidae (Ducks, Geese, Swans)","LC"
"1016940","Sarkidiornis melanotos","African Comb Duck","Anatidae (Ducks, Geese, Swans)","LC"
"414","Nettapus coromandelianus","Cotton Pygmy-goose","Anatidae (Ducks, Geese, Swans)","LC"
"467","Marmaronetta angustirostris","Marbled Teal","Anatidae (Ducks, Geese, Swans)","VU"
"469","Netta rufina","Red-crested Pochard","Anatidae (Ducks, Geese, Swans)","LC"
"472","Aythya ferina","Common Pochard","Anatidae (Ducks, Geese, Swans)","VU"
"478","Aythya baeri","Baer's Pochard","Anatidae (Ducks, Geese, Swans)","CR"
"476","Aythya nyroca","Ferruginous Duck","Anatidae (Ducks, Geese, Swans)","NT"
"480","Aythya fuligula","Tufted Duck","Anatidae (Ducks, Geese, Swans)","LC"
"482","Aythya marila","Greater Scaup","Anatidae (Ducks, Geese, Swans)","LC"
"460","Spatula querquedula","Garganey","Anatidae (Ducks, Geese, Swans)","LC"
"448","Spatula clypeata","Northern Shoveler","Anatidae (Ducks, Geese, Swans)","LC"
"428","Mareca falcata","Falcated Duck","Anatidae (Ducks, Geese, Swans)","NT"
"427","Mareca strepera","Gadwall","Anatidae (Ducks, Geese, Swans)","LC"
"429","Mareca penelope","Eurasian Wigeon","Anatidae (Ducks, Geese, Swans)","LC"
"32715","Anas poecilorhyncha","Indian Spot-billed Duck","Anatidae (Ducks, Geese, Swans)","LC"
"435","Anas platyrhynchos","Mallard","Anatidae (Ducks, Geese, Swans)","LC"
"457","Anas acuta","Northern Pintail","Anatidae (Ducks, Geese, Swans)","LC"
"31027","Anas crecca","Common Teal","Anatidae (Ducks, Geese, Swans)","LC"
"3628","Tachybaptus ruficollis","Little Grebe","Podicipedidae (Grebes)","LC"
"3638","Podiceps grisegena","Red-necked Grebe","Podicipedidae (Grebes)","LC"
"3639","Podiceps cristatus","Great Crested Grebe","Podicipedidae (Grebes)","LC"
"3641","Podiceps nigricollis","Black-necked Grebe","Podicipedidae (Grebes)","LC"
"3769","Phoenicopterus roseus","Greater Flamingo","Phoenicopteridae (Flamingos)","LC"
"3649","Phaethon rubricauda","Red-tailed Tropicbird","Phaethontidae (Tropicbirds)","LC"
"3650","Phaethon lepturus","White-tailed Tropicbird","Phaethontidae (Tropicbirds)","LC"
"2446","Columba leuconota","Snow Pigeon","Columbidae (Pigeons, Doves)","LC"
"2451","Columba eversmanni","Yellow-eyed Pigeon","Columbidae (Pigeons, Doves)","VU"
"2452","Columba palumbus","Common Woodpigeon","Columbidae (Pigeons, Doves)","LC"
"2461","Columba hodgsonii","Speckled Woodpigeon","Columbidae (Pigeons, Doves)","LC"
"2501","Streptopelia orientalis","Oriental Turtle-dove","Columbidae (Pigeons, Doves)","LC"
"2507","Streptopelia tranquebarica","Red Turtle-dove","Columbidae (Pigeons, Doves)","LC"
"1016946","Spilopelia chinensis","Eastern Spotted Dove","Columbidae (Pigeons, Doves)","LC"
"1016947","Spilopelia suratensis","Western Spotted Dove","Columbidae (Pigeons, Doves)","LC"
"2502","Spilopelia senegalensis","Laughing Dove","Columbidae (Pigeons, Doves)","LC"
"2513","Macropygia unchall","Barred Cuckoo-dove","Columbidae (Pigeons, Doves)","LC"
"2636","Treron curvirostra","Thick-billed Green-pigeon","Columbidae (Pigeons, Doves)","LC"
"2648","Treron apicauda","Pin-tailed Green-pigeon","Columbidae (Pigeons, Doves)","LC"
"2964","Pterocles orientalis","Black-bellied Sandgrouse","Pteroclidae (Sandgrouse)","LC"
"2962","Pterocles senegallus","Spotted Sandgrouse","Pteroclidae (Sandgrouse)","LC"
"2959","Pterocles alchata","Pin-tailed Sandgrouse","Pteroclidae (Sandgrouse)","LC"
"1016475","Caprimulgus indicus","Jungle Nightjar","Caprimulgidae (Nightjars)","LC"
"1016477","Caprimulgus jotaka","Grey Nightjar","Caprimulgidae (Nightjars)","LC"
"2401","Caprimulgus europaeus","European Nightjar","Caprimulgidae (Nightjars)","LC"
"2405","Caprimulgus mahrattensis","Sykes's Nightjar","Caprimulgidae (Nightjars)","LC"
"1750","Hirundapus caudacutus","White-throated Needletail","Apodidae (Swifts)","LC"
"1751","Hirundapus cochinchinensis","Silver-backed Needletail","Apodidae (Swifts)","LC"
"1016955","Aerodramus brevirostris","Himalayan Swiftlet","Apodidae (Swifts)","LC"
"1773","Tachymarptis melba","Alpine Swift","Apodidae (Swifts)","LC"
"1786","Apus acuticauda","Dark-rumped Swift","Apodidae (Swifts)","VU"
"1785","Apus pacificus","Pacific Swift","Apodidae (Swifts)","LC"
"1787","Apus affinis","Little Swift","Apodidae (Swifts)","LC"
"1776","Apus apus","Common Swift","Apodidae (Swifts)","LC"
"1192","Clamator jacobinus","Jacobin Cuckoo","Cuculidae (Cuckoos)","LC"
"1194","Clamator coromandus","Chestnut-winged Cuckoo","Cuculidae (Cuckoos)","LC"
"1241","Eudynamys scolopaceus","Western Koel","Cuculidae (Cuckoos)","LC"
"1231","Chrysococcyx maculatus","Asian Emerald Cuckoo","Cuculidae (Cuckoos)","LC"
"1232","Chrysococcyx xanthorhynchus","Violet Cuckoo","Cuculidae (Cuckoos)","LC"
"1214","Cacomantis sonneratii","Banded Bay Cuckoo","Cuculidae (Cuckoos)","LC"
"1216","Cacomantis merulinus","Plaintive Cuckoo","Cuculidae (Cuckoos)","LC"
"1215","Cacomantis passerinus","Grey-bellied Cuckoo","Cuculidae (Cuckoos)","LC"
"32635","Surniculus dicruroides","Fork-tailed Drongo-cuckoo","Cuculidae (Cuckoos)","LC"
"1016838","Surniculus lugubris","Square-tailed Drongo-cuckoo","Cuculidae (Cuckoos)","LC"
"1016822","Hierococcyx sparverioides","Large Hawk-cuckoo","Cuculidae (Cuckoos)","LC"
"1199","Hierococcyx varius","Common Hawk-cuckoo","Cuculidae (Cuckoos)","LC"
"32223","Hierococcyx nisicolor","Whistling Hawk-cuckoo","Cuculidae (Cuckoos)","LC"
"1204","Cuculus micropterus","Indian Cuckoo","Cuculidae (Cuckoos)","LC"
"1205","Cuculus canorus","Common Cuckoo","Cuculidae (Cuckoos)","LC"
"1208","Cuculus poliocephalus","Lesser Cuckoo","Cuculidae (Cuckoos)","LC"
"2832","Rallina eurizonoides","Slaty-legged Crake","Rallidae (Rails, Gallinules, Coots)","LC"
"1016504","Rallus aquaticus","Western Water Rail","Rallidae (Rails, Gallinules, Coots)","LC"
"1016499","Rallus indicus","Eastern Water Rail","Rallidae (Rails, Gallinules, Coots)","LC"
"2903","Porzana porzana","Spotted Crake","Rallidae (Rails, Gallinules, Coots)","LC"
"2909","Zapornia fusca","Ruddy-breasted Crake","Rallidae (Rails, Gallinules, Coots)","LC"
"2892","Zapornia akool","Brown Crake","Rallidae (Rails, Gallinules, Coots)","LC"
"2900","Zapornia parva","Little Crake","Rallidae (Rails, Gallinules, Coots)","LC"
"2901","Zapornia pusilla","Baillon's Crake","Rallidae (Rails, Gallinules, Coots)","LC"
"2896","Amaurornis phoenicurus","White-breasted Waterhen","Rallidae (Rails, Gallinules, Coots)","LC"
"2926","Gallicrex cinerea","Watercock","Rallidae (Rails, Gallinules, Coots)","LC"
"1017062","Gallinula chloropus","Common Moorhen","Rallidae (Rails, Gallinules, Coots)","LC"
"2944","Fulica atra","Common Coot","Rallidae (Rails, Gallinules, Coots)","LC"
"2786","Leucogeranus leucogeranus","Siberian Crane","Gruidae (Cranes)","CR"
"2787","Antigone antigone","Sarus Crane","Gruidae (Cranes)","VU"
"2791","Anthropoides virgo","Demoiselle Crane","Gruidae (Cranes)","LC"
"2794","Grus grus","Common Crane","Gruidae (Cranes)","LC"
"2759","Tetrax tetrax","Little Bustard","Otididae (Bustards)","NT"
"32131","Chlamydotis macqueenii","Asian Houbara","Otididae (Bustards)","VU"
"2782","Houbaropsis bengalensis","Bengal Florican","Otididae (Bustards)","CR"
"2783","Sypheotides indicus","Lesser Florican","Otididae (Bustards)","EN"
"3865","Gavia stellata","Red-throated Loon","Gaviidae (Loons/Divers)","LC"
"3866","Gavia arctica","Arctic Loon","Gaviidae (Loons/Divers)","LC"
"3969","Oceanites oceanicus","Wilson's Storm-petrel","Oceanitidae (Southern Storm-petrels)","LC"
"3928","Ardenna pacifica","Wedge-tailed Shearwater","Procellariidae (Petrels, Shearwaters)","LC"
"3934","Ardenna tenuirostris","Short-tailed Shearwater","Procellariidae (Petrels, Shearwaters)","LC"
"3930","Ardenna carneipes","Flesh-footed Shearwater","Procellariidae (Petrels, Shearwaters)","NT"
"32228","Puffinus bailloni","Tropical Shearwater","Procellariidae (Petrels, Shearwaters)","LC"
"3945","Puffinus persicus","Persian Shearwater","Procellariidae (Petrels, Shearwaters)","LC"
"3842","Leptoptilos dubius","Greater Adjutant","Ciconiidae (Storks)","EN"
"3840","Leptoptilos javanicus","Lesser Adjutant","Ciconiidae (Storks)","VU"
"3830","Ciconia nigra","Black Stork","Ciconiidae (Storks)","LC"
"3835","Ciconia ciconia","White Stork","Ciconiidae (Storks)","LC"
"3802","Platalea leucorodia","Eurasian Spoonbill","Threskiornithidae (Ibises, Spoonbills)","LC"
"3795","Threskiornis melanocephalus","Black-headed Ibis","Threskiornithidae (Ibises, Spoonbills)","NT"
"3777","Plegadis falcinellus","Glossy Ibis","Threskiornithidae (Ibises, Spoonbills)","LC"
"3766","Botaurus stellaris","Eurasian Bittern","Ardeidae (Herons)","LC"
"32572","Ixobrychus minutus","Common Little Bittern","Ardeidae (Herons)","LC"
"3757","Ixobrychus sinensis","Yellow Bittern","Ardeidae (Herons)","LC"
"3761","Ixobrychus cinnamomeus","Cinnamon Bittern","Ardeidae (Herons)","LC"
"3763","Ixobrychus flavicollis","Black Bittern","Ardeidae (Herons)","LC"
"3747","Gorsachius melanolophus","Malay Night-heron","Ardeidae (Herons)","LC"
"3742","Nycticorax nycticorax","","Ardeidae (Herons)","LC"
"1016802","Butorides striata","Green-backed Heron","Ardeidae (Herons)","LC"
"3733","Ardeola bacchus","Chinese Pond-heron","Ardeidae (Herons)","LC"
"3730","Bubulcus ibis","Cattle Egret","Ardeidae (Herons)","LC"
"3715","Ardea cinerea","Grey Heron","Ardeidae (Herons)","LC"
"3722","Ardea goliath","Goliath Heron","Ardeidae (Herons)","LC"
"3725","Ardea purpurea","Purple Heron","Ardeidae (Herons)","LC"
"3728","Ardea alba","Great White Egret","Ardeidae (Herons)","LC"
"1016782","Ardea intermedia","Intermediate Egret","Ardeidae (Herons)","LC"
"1016839","Egretta garzetta","Little Egret","Ardeidae (Herons)","LC"
"3713","Egretta sacra","Pacific Reef-egret","Ardeidae (Herons)","LC"
"3811","Pelecanus crispus","Dalmatian Pelican","Pelecanidae (Pelicans)","VU"
"3812","Pelecanus philippensis","Spot-billed Pelican","Pelecanidae (Pelicans)","NT"
"3809","Pelecanus onocrotalus","Great White Pelican","Pelecanidae (Pelicans)","LC"
"3658","Sula sula","Red-footed Booby","Sulidae (Gannets, Boobies)","LC"
"3679","Phalacrocorax carbo","Great Cormorant","Phalacrocoracidae (Cormorants)","LC"
"1016872","Burhinus indicus","Indian Thick-knee","Burhinidae (Thick-knees)","LC"
"32115","Haematopus ostralegus","Eurasian Oystercatcher","Haematopodidae (Oystercatchers)","NT"
"3107","Recurvirostra avosetta","Pied Avocet","Recurvirostridae (Avocets, Stilts)","LC"
"1016812","Himantopus himantopus","Black-winged Stilt","Recurvirostridae (Avocets, Stilts)","LC"
"3114","Pluvialis squatarola","Grey Plover","Charadriidae (Plovers)","LC"
"3112","Pluvialis fulva","Pacific Golden Plover","Charadriidae (Plovers)","LC"
"3116","Charadrius hiaticula","Common Ringed Plover","Charadriidae (Plovers)","LC"
"3118","Charadrius placidus","Long-billed Plover","Charadriidae (Plovers)","LC"
"3119","Charadrius dubius","Little Ringed Plover","Charadriidae (Plovers)","LC"
"1016711","Charadrius alexandrinus","Kentish Plover","Charadriidae (Plovers)","LC"
"3138","Charadrius mongolus","Lesser Sandplover","Charadriidae (Plovers)","LC"
"3139","Charadrius leschenaultii","Greater Sandplover","Charadriidae (Plovers)","LC"
"3153","Vanellus vanellus","Northern Lapwing","Charadriidae (Plovers)","NT"
"3164","Vanellus cinereus","Grey-headed Lapwing","Charadriidae (Plovers)","LC"
"3172","Vanellus gregarius","Sociable Lapwing","Charadriidae (Plovers)","CR"
"3173","Vanellus leucurus","White-tailed Lapwing","Charadriidae (Plovers)","LC"
"3072","Hydrophasianus chirurgus","Pheasant-tailed Jacana","Jacanidae (Jacanas)","LC"
"3009","Numenius phaeopus","Whimbrel","Scolopacidae (Sandpipers, Snipes, Phalaropes)","LC"
"3012","Numenius arquata","Eurasian Curlew","Scolopacidae (Sandpipers, Snipes, Phalaropes)","NT"
"3005","Limosa lapponica","Bar-tailed Godwit","Scolopacidae (Sandpipers, Snipes, Phalaropes)","NT"
"3003","Limosa limosa","Black-tailed Godwit","Scolopacidae (Sandpipers, Snipes, Phalaropes)","NT"
"3034","Arenaria interpres","Ruddy Turnstone","Scolopacidae (Sandpipers, Snipes, Phalaropes)","LC"
"3040","Calidris tenuirostris","Great Knot","Scolopacidae (Sandpipers, Snipes, Phalaropes)","EN"
"3041","Calidris canutus","Red Knot","Scolopacidae (Sandpipers, Snipes, Phalaropes)","NT"
"3062","Calidris pugnax","Ruff","Scolopacidae (Sandpipers, Snipes, Phalaropes)","LC"
"3061","Calidris falcinellus","Broad-billed Sandpiper","Scolopacidae (Sandpipers, Snipes, Phalaropes)","LC"
"3057","Calidris ferruginea","Curlew Sandpiper","Scolopacidae (Sandpipers, Snipes, Phalaropes)","NT"
"3047","Calidris temminckii","Temminck's Stint","Scolopacidae (Sandpipers, Snipes, Phalaropes)","LC"
"3048","Calidris subminuta","Long-toed Stint","Scolopacidae (Sandpipers, Snipes, Phalaropes)","LC"
"3060","Calidris pygmaea","Spoon-billed Sandpiper","Scolopacidae (Sandpipers, Snipes, Phalaropes)","CR"
"3046","Calidris ruficollis","Red-necked Stint","Scolopacidae (Sandpipers, Snipes, Phalaropes)","NT"
"3042","Calidris alba","Sanderling","Scolopacidae (Sandpipers, Snipes, Phalaropes)","LC"
"3056","Calidris alpina","Dunlin","Scolopacidae (Sandpipers, Snipes, Phalaropes)","LC"
"3045","Calidris minuta","Little Stint","Scolopacidae (Sandpipers, Snipes, Phalaropes)","LC"
"3038","Limnodromus semipalmatus","Asian Dowitcher","Scolopacidae (Sandpipers, Snipes, Phalaropes)","NT"
"2978","Scolopax rusticola","Eurasian Woodcock","Scolopacidae (Sandpipers, Snipes, Phalaropes)","LC"
"2984","Gallinago solitaria","Solitary Snipe","Scolopacidae (Sandpipers, Snipes, Phalaropes)","LC"
"2986","Gallinago nemoricola","Wood Snipe","Scolopacidae (Sandpipers, Snipes, Phalaropes)","VU"
"2987","Gallinago stenura","Pintail Snipe","Scolopacidae (Sandpipers, Snipes, Phalaropes)","LC"
"2988","Gallinago megala","Swinhoe's Snipe","Scolopacidae (Sandpipers, Snipes, Phalaropes)","LC"
"2990","Gallinago gallinago","Common Snipe","Scolopacidae (Sandpipers, Snipes, Phalaropes)","LC"
"3000","Lymnocryptes minimus","Jack Snipe","Scolopacidae (Sandpipers, Snipes, Phalaropes)","LC"
"3064","Phalaropus lobatus","Red-necked Phalarope","Scolopacidae (Sandpipers, Snipes, Phalaropes)","LC"
"3065","Phalaropus fulicarius","Red Phalarope","Scolopacidae (Sandpipers, Snipes, Phalaropes)","LC"
"3026","Xenus cinereus","Terek Sandpiper","Scolopacidae (Sandpipers, Snipes, Phalaropes)","LC"
"3027","Actitis hypoleucos","Common Sandpiper","Scolopacidae (Sandpipers, Snipes, Phalaropes)","LC"
"3024","Tringa ochropus","Green Sandpiper","Scolopacidae (Sandpipers, Snipes, Phalaropes)","LC"
"3016","Tringa erythropus","Spotted Redshank","Scolopacidae (Sandpipers, Snipes, Phalaropes)","LC"
"3019","Tringa nebularia","Common Greenshank","Scolopacidae (Sandpipers, Snipes, Phalaropes)","LC"
"3017","Tringa totanus","Common Redshank","Scolopacidae (Sandpipers, Snipes, Phalaropes)","LC"
"3025","Tringa glareola","Wood Sandpiper","Scolopacidae (Sandpipers, Snipes, Phalaropes)","LC"
"3018","Tringa stagnatilis","Marsh Sandpiper","Scolopacidae (Sandpipers, Snipes, Phalaropes)","LC"
"3020","Tringa guttifer","Spotted Greenshank","Scolopacidae (Sandpipers, Snipes, Phalaropes)","EN"
"508","Turnix tanki","Yellow-legged Buttonquail","Turnicidae (Buttonquails)","LC"
"3177","Dromas ardeola","Crab-plover ","Dromadidae (Crab-plover)","LC"
"32586","Cursorius cursor","Cream-coloured Courser","Glareolidae (Coursers, Pratincoles)","LC"
"3187","Glareola pratincola","Collared Pratincole","Glareolidae (Coursers, Pratincoles)","LC"
"3188","Glareola maldivarum","Oriental Pratincole","Glareolidae (Coursers, Pratincoles)","LC"
"3193","Glareola lactea","Little Pratincole","Glareolidae (Coursers, Pratincoles)","LC"
"3206","Rynchops albicollis","Indian Skimmer","Laridae (Gulls, Terns, Skimmers)","VU"
"3241","Larus genei","Slender-billed Gull","Laridae (Gulls, Terns, Skimmers)","LC"
"3233","Larus brunnicephalus","Brown-headed Gull","Laridae (Gulls, Terns, Skimmers)","LC"
"3240","Larus ridibundus","Black-headed Gull","Laridae (Gulls, Terns, Skimmers)","LC"
"3232","Larus ichthyaetus","Pallas's Gull","Laridae (Gulls, Terns, Skimmers)","LC"
"3231","Larus fuscus","Lesser Black-backed Gull","Laridae (Gulls, Terns, Skimmers)","LC"
"32603","Larus cachinnans","Caspian Gull","Laridae (Gulls, Terns, Skimmers)","LC"
"3288","Onychoprion fuscatus","Sooty Tern","Laridae (Gulls, Terns, Skimmers)","LC"
"3287","Onychoprion anaethetus","Bridled Tern","Laridae (Gulls, Terns, Skimmers)","LC"
"3276","Sternula albifrons","Little Tern","Laridae (Gulls, Terns, Skimmers)","LC"
"3277","Sternula saundersi","Saunders's Tern","Laridae (Gulls, Terns, Skimmers)","LC"
"1016873","Gelochelidon nilotica","Common Gull-billed Tern","Laridae (Gulls, Terns, Skimmers)","LC"
"3258","Hydroprogne caspia","Caspian Tern","Laridae (Gulls, Terns, Skimmers)","LC"
"3290","Chlidonias hybrida","Whiskered Tern","Laridae (Gulls, Terns, Skimmers)","LC"
"3291","Chlidonias leucopterus","White-winged Tern","Laridae (Gulls, Terns, Skimmers)","LC"
"3292","Chlidonias niger","Black Tern","Laridae (Gulls, Terns, Skimmers)","LC"
"3266","Sterna dougallii","Roseate Tern","Laridae (Gulls, Terns, Skimmers)","LC"
"3268","Sterna sumatrana","Black-naped Tern","Laridae (Gulls, Terns, Skimmers)","LC"
"3270","Sterna hirundo","Common Tern","Laridae (Gulls, Terns, Skimmers)","LC"
"3283","Sterna repressa","White-cheeked Tern","Laridae (Gulls, Terns, Skimmers)","LC"
"3262","Thalasseus bengalensis","Lesser Crested Tern","Laridae (Gulls, Terns, Skimmers)","LC"
"3265","Thalasseus sandvicensis","Sandwich Tern","Laridae (Gulls, Terns, Skimmers)","LC"
"3263","Thalasseus bergii","Greater Crested Tern","Laridae (Gulls, Terns, Skimmers)","LC"
"3201","Stercorarius parasiticus","Arctic Jaeger","Stercorariidae (Skuas)","LC"
"3200","Stercorarius pomarinus","Pomarine Jaeger","Stercorariidae (Skuas)","LC"
"2174","Otus brucei","Pallid Scops-owl","Strigidae (Typical Owls)","LC"
"30133","Otus sunia","Oriental Scops-owl","Strigidae (Typical Owls)","LC"
"2318","Asio otus","Northern Long-eared Owl","Strigidae (Typical Owls)","LC"
"2322","Asio flammeus","Short-eared Owl","Strigidae (Typical Owls)","LC"
"3324","Pandion haliaetus","Osprey","Pandionidae (Osprey)","LC"
"3335","Pernis ptilorhynchus","Oriental Honey-buzzard","Accipitridae (Hawks, Eagles)","LC"
"3329","Aviceda leuphotes","Black Baza","Accipitridae (Hawks, Eagles)","LC"
"3371","Neophron percnopterus","Egyptian Vulture","Accipitridae (Hawks, Eagles)","EN"
"32257","Circaetus gallicus","Short-toed Snake-eagle","Accipitridae (Hawks, Eagles)","LC"
"3377","Gyps himalayensis","Himalayan Griffon","Accipitridae (Hawks, Eagles)","NT"
"3378","Gyps fulvus","Griffon Vulture","Accipitridae (Hawks, Eagles)","LC"
"3380","Aegypius monachus","Cinereous Vulture","Accipitridae (Hawks, Eagles)","NT"
"3552","Nisaetus nipalensis","Mountain Hawk-eagle","Accipitridae (Hawks, Eagles)","LC"
"3531","Clanga clanga","Greater Spotted Eagle","Accipitridae (Hawks, Eagles)","VU"
"3533","Aquila nipalensis","Steppe Eagle","Accipitridae (Hawks, Eagles)","EN"
"3535","Aquila heliaca","Eastern Imperial Eagle","Accipitridae (Hawks, Eagles)","VU"
"3537","Aquila chrysaetos","Golden Eagle","Accipitridae (Hawks, Eagles)","LC"
"3543","Hieraaetus pennatus","Booted Eagle","Accipitridae (Hawks, Eagles)","LC"
"3399","Circus aeruginosus","Western Marsh-harrier","Accipitridae (Hawks, Eagles)","LC"
"1016807","Circus cyaneus","Hen Harrier","Accipitridae (Hawks, Eagles)","LC"
"3409","Circus macrourus","Pallid Harrier","Accipitridae (Hawks, Eagles)","NT"
"3410","Circus melanoleucos","Pied Harrier","Accipitridae (Hawks, Eagles)","LC"
"3411","Circus pygargus","Montagu's Harrier","Accipitridae (Hawks, Eagles)","LC"
"3425","Accipiter badius","Shikra","Accipitridae (Hawks, Eagles)","LC"
"3428","Accipiter soloensis","Chinese Sparrowhawk","Accipitridae (Hawks, Eagles)","LC"
"3446","Accipiter gularis","Japanese Sparrowhawk","Accipitridae (Hawks, Eagles)","LC"
"3455","Accipiter nisus","Eurasian Sparrowhawk","Accipitridae (Hawks, Eagles)","LC"
"3466","Accipiter gentilis","Northern Goshawk","Accipitridae (Hawks, Eagles)","LC"
"3363","Haliaeetus leucoryphus","Pallas's Fish-eagle","Accipitridae (Hawks, Eagles)","VU"
"3364","Haliaeetus albicilla","White-tailed Sea-eagle","Accipitridae (Hawks, Eagles)","LC"
"32423","Milvus migrans","Black Kite","Accipitridae (Hawks, Eagles)","LC"
"1017018","Buteo buteo","Eurasian Buzzard","Accipitridae (Hawks, Eagles)","LC"
"31630","Buteo japonicus","Japanese Buzzard","Accipitridae (Hawks, Eagles)","LC"
"32719","Buteo rufinus","Long-legged Buzzard","Accipitridae (Hawks, Eagles)","LC"
"3519","Buteo hemilasius","Upland Buzzard","Accipitridae (Hawks, Eagles)","LC"
"984","Upupa epops","Common Hoopoe","Upupidae (Hoopoes)","LC"
"1016526","Merops orientalis","Asian Green Bee-eater","Meropidae (Bee-eaters)","LC"
"1182","Merops leschenaulti","Chestnut-headed Bee-eater","Meropidae (Bee-eaters)","LC"
"1179","Merops philippinus","Blue-tailed Bee-eater","Meropidae (Bee-eaters)","LC"
"1177","Merops persicus","Blue-cheeked Bee-eater","Meropidae (Bee-eaters)","LC"
"1181","Merops apiaster","European Bee-eater","Meropidae (Bee-eaters)","LC"
"1033","Coracias garrulus","European Roller","Coraciidae (Rollers)","LC"
"1043","Eurystomus orientalis","Oriental Dollarbird","Coraciidae (Rollers)","LC"
"1017012","Ceyx erithaca","Oriental Dwarf-kingfisher","Alcedinidae (Kingfishers)","LC"
"1066","Alcedo atthis","Common Kingfisher","Alcedinidae (Kingfishers)","LC"
"1100","Halcyon coromanda","Ruddy Kingfisher","Alcedinidae (Kingfishers)","LC"
"1103","Halcyon pileata","Black-capped Kingfisher","Alcedinidae (Kingfishers)","LC"
"538","Jynx torquilla","Eurasian Wryneck","Picidae (Woodpeckers)","LC"
"638","Dendrocopos hyperythrus","Rufous-bellied Woodpecker","Picidae (Woodpeckers)","LC"
"3589","Falco naumanni","Lesser Kestrel","Falconidae (Falcons, Caracaras)","LC"
"3590","Falco tinnunculus","Common Kestrel","Falconidae (Falcons, Caracaras)","LC"
"3604","Falco amurensis","Amur Falcon","Falconidae (Falcons, Caracaras)","LC"
"3608","Falco columbarius","Merlin","Falconidae (Falcons, Caracaras)","LC"
"3610","Falco subbuteo","Eurasian Hobby","Falconidae (Falcons, Caracaras)","LC"
"3612","Falco severus","Oriental Hobby","Falconidae (Falcons, Caracaras)","LC"
"3619","Falco cherrug","Saker Falcon","Falconidae (Falcons, Caracaras)","EN"
"1016472","Falco peregrinus","Peregrine Falcon","Falconidae (Falcons, Caracaras)","LC"
"1515","Loriculus vernalis","Vernal Hanging-parrot","Psittacidae (Parrots)","LC"
"4017","Pitta brachyura","Indian Pitta","Pittidae (Pittas)","LC"
"4019","Pitta moluccensis","Blue-winged Pitta","Pittidae (Pittas)","LC"
"1017254","Pitta sordida","Western Hooded Pitta","Pittidae (Pittas)","LC"
"5896","Oriolus traillii","Maroon Oriole","Oriolidae (Orioles and figbirds)","LC"
"1017500","Oriolus kundoo","Indian Golden Oriole","Oriolidae (Orioles and figbirds)","LC"
"5884","Oriolus chinensis","Black-naped Oriole","Oriolidae (Orioles and figbirds)","LC"
"5885","Oriolus tenuirostris","Slender-billed Oriole","Oriolidae (Orioles and figbirds)","LC"
"5977","Pericrocotus ethologus","Long-tailed Minivet","Campephagidae (Cuckoo-shrikes)","LC"
"5970","Pericrocotus divaricatus","Ashy Minivet","Campephagidae (Cuckoo-shrikes)","LC"
"5968","Pericrocotus roseus","Rosy Minivet","Campephagidae (Cuckoo-shrikes)","LC"
"5946","Lalage melaschistos","Black-winged Cuckoo-shrike","Campephagidae (Cuckoo-shrikes)","LC"
"5948","Lalage melanoptera","Black-headed Cuckoo-shrike","Campephagidae (Cuckoo-shrikes)","LC"
"5858","Artamus leucoryn","White-breasted Woodswallow","Artamidae (Woodswallows)","LC"
"5857","Artamus fuscus","Ashy Woodswallow","Artamidae (Woodswallows)","LC"
"6034","Dicrurus macrocercus","Black Drongo","Dicruridae (Drongos)","LC"
"6035","Dicrurus leucophaeus","Ashy Drongo","Dicruridae (Drongos)","LC"
"6037","Dicrurus annectens","Crow-billed Drongo","Dicruridae (Drongos)","LC"
"1017609","Dicrurus hottentottus","Hair-crested Drongo","Dicruridae (Drongos)","LC"
"1017631","Hypothymis azurea","Black-naped Monarch","Monarchidae (Monarchs)","LC"
"1017635","Terpsiphone paradisi","Indian Paradise-flycatcher","Monarchidae (Monarchs)","LC"
"1017637","Terpsiphone affinis","Oriental Paradise-flycatcher","Monarchidae (Monarchs)","LC"
"5528","Lanius cristatus","Brown Shrike","Laniidae (Shrikes)","LC"
"5526","Lanius collurio","Red-backed Shrike","Laniidae (Shrikes)","LC"
"1017642","Lanius phoenicuroides","Red-tailed Shrike","Laniidae (Shrikes)","LC"
"1017641","Lanius isabellinus","Isabelline Shrike","Laniidae (Shrikes)","LC"
"5529","Lanius collurioides","Burmese Shrike","Laniidae (Shrikes)","LC"
"5532","Lanius vittatus","Bay-backed Shrike","Laniidae (Shrikes)","LC"
"5533","Lanius schach","Long-tailed Shrike","Laniidae (Shrikes)","LC"
"5534","Lanius tephronotus","Grey-backed Shrike","Laniidae (Shrikes)","LC"
"1017645","Lanius excubitor","Great Grey Shrike","Laniidae (Shrikes)","LC"
"7013","Cephalopyrus flammiceps","Fire-capped Tit","Paridae (Tits and chickadees)","LC"
"1018375","Alaudala rufescens","Lesser Short-toed Lark","Alaudidae (Larks)","LC"
"8146","Melanocorypha bimaculata","Bimaculated Lark","Alaudidae (Larks)","LC"
"8155","Calandrella acutirostris","Hume's Lark","Alaudidae (Larks)","LC"
"1017748","Calandrella dukhunensis","Eastern Short-toed Lark","Alaudidae (Larks)","LC"
"8181","Eremophila alpestris","Horned Lark","Alaudidae (Larks)","LC"
"1017239","Alauda arvensis","Eurasian Skylark","Alaudidae (Larks)","LC"
"8179","Alauda gulgula","Oriental Skylark","Alaudidae (Larks)","LC"
"8169","Galerida cristata","Crested Lark","Alaudidae (Larks)","LC"
"7627","Arundinax aedon","Thick-billed Warbler","Acrocephalidae","LC"
"7630","Iduna caligata","Booted Warbler","Acrocephalidae","LC"
"7631","Iduna rama","Sykes's Warbler","Acrocephalidae","LC"
"7633","Hippolais languida","Upcher's Warbler","Acrocephalidae","LC"
"7600","Acrocephalus bistrigiceps","Black-browed Reed-warbler","Acrocephalidae","LC"
"7596","Acrocephalus melanopogon","Moustached Warbler","Acrocephalidae","LC"
"7605","Acrocephalus dumetorum","Blyth's Reed-warbler","Acrocephalidae","LC"
"7601","Acrocephalus agricola","Paddyfield Warbler","Acrocephalidae","LC"
"7602","Acrocephalus concinens","Blunt-winged Warbler","Acrocephalidae","LC"
"32221","Acrocephalus orientalis","Oriental Reed-warbler","Acrocephalidae","LC"
"7608","Acrocephalus stentoreus","Clamorous Reed-warbler","Acrocephalidae","LC"
"7590","Locustella certhiola","Pallas's Grasshopper-warbler","Locustellidae","LC"
"7588","Locustella lanceolata","Lanceolated Warbler","Locustellidae","LC"
"7568","Locustella tacsanowskia","Chinese Grasshopper-warbler","Locustellidae","LC"
"31623","Locustella davidi","Baikal Grasshopper-warbler","Locustellidae","LC"
"32546","Locustella kashmirensis","Himalayan Grasshopper-warbler","Locustellidae","LC"
"1017876","Locustella thoracica","Spotted Grasshopper-warbler","Locustellidae","LC"
"7773","Chaetornis striata","Bristled Grassbird","Locustellidae","VU"
"1017973","Delichon urbicum","Northern House Martin","Hirundinidae (Swallows and martins)","LC"
"7151","Delichon dasypus","Asian House Martin","Hirundinidae (Swallows and martins)","LC"
"7147","Petrochelidon fluvicola","Streak-throated Swallow","Hirundinidae (Swallows and martins)","LC"
"1017983","Cecropis daurica","Red-rumped Swallow","Hirundinidae (Swallows and martins)","LC"
"7116","Hirundo rustica","Barn Swallow","Hirundinidae (Swallows and martins)","LC"
"7112","Ptyonoprogne rupestris","Eurasian Crag Martin","Hirundinidae (Swallows and martins)","LC"
"7113","Ptyonoprogne obsoleta","Pale Rock Martin","Hirundinidae (Swallows and martins)","LC"
"1018011","Riparia chinensis","Asian Plain Martin","Hirundinidae (Swallows and martins)","LC"
"1018013","Riparia riparia","Collared Sand Martin","Hirundinidae (Swallows and martins)","LC"
"32628","Riparia diluta","Pale Sand Martin","Hirundinidae (Swallows and martins)","LC"
"1018086","Hypsipetes ganeesa","Square-tailed Bulbul","Pycnonotidae (Bulbuls)","LC"
"1018085","Hypsipetes leucocephalus","Black Bulbul","Pycnonotidae (Bulbuls)","LC"
"7195","Pycnonotus leucogenys","Himalayan Bulbul","Pycnonotidae (Bulbuls)","LC"
"7719","Phylloscopus inornatus","Yellow-browed Warbler","Phylloscopidae","LC"
"30245","Phylloscopus humei","Hume's Leaf-warbler","Phylloscopidae","LC"
"7707","Phylloscopus fuscatus","Dusky Warbler","Phylloscopidae","LC"
"1018138","Phylloscopus tristis","Siberian Chiffchaff","Phylloscopidae","LC"
"30128","Phylloscopus sindianus","Mountain Chiffchaff","Phylloscopidae","LC"
"7704","Phylloscopus neglectus","Plain Leaf-warbler","Phylloscopidae","LC"
"7725","Phylloscopus tytleri","Tytler's Leaf-warbler","Phylloscopidae","NT"
"7711","Phylloscopus griseolus","Sulphur-bellied Warbler","Phylloscopidae","LC"
"7709","Phylloscopus affinis","Tickell's Leaf-warbler","Phylloscopidae","LC"
"32281","Phylloscopus burkii","Green-crowned Warbler","Phylloscopidae","LC"
"31756","Phylloscopus tephrocephalus","Grey-crowned Warbler","Phylloscopidae","LC"
"31356","Phylloscopus nitidus","Green Warbler","Phylloscopidae","LC"
"1018141","Phylloscopus trochiloides","Greenish Warbler","Phylloscopidae","LC"
"7724","Phylloscopus magnirostris","Large-billed Leaf-warbler","Phylloscopidae","LC"
"32267","Phylloscopus claudiae","Claudia's Leaf-warbler","Phylloscopidae","LC"
"7726","Phylloscopus occipitalis","Western Crowned Leaf-warbler","Phylloscopidae","LC"
"32426","Sylvia curruca","Lesser Whitethroat","Sylviidae (Old World warblers)","LC"
"7455","Zosterops palpebrosus","Oriental White-eye","Zosteropidae (White-eyes)","LC"
"6904","Tichodroma muraria","Wallcreeper","Sittidae (Nuthatches and Wallcreeper)","LC"
"1018282","Troglodytes troglodytes","Northern Wren","Troglodytidae (Wrens)","LC"
"6273","Cinclus cinclus","White-throated Dipper","Cinclidae (Dippers)","LC"
"6814","Pastor roseus","Rosy Starling","Sturnidae (Starlings)","LC"
"6811","Agropsar sturninus","Purple-backed Starling","Sturnidae (Starlings)","LC"
"6813","Sturnia sinensis","White-shouldered Starling","Sturnidae (Starlings)","LC"
"6809","Sturnia pagodarum","Brahminy Starling","Sturnidae (Starlings)","LC"
"6802","Saroglossa spilopterus","Spot-winged Starling","Sturnidae (Starlings)","LC"
"1018258","Zoothera aurea","White's Thrush","Turdidae (Thrushes)","LC"
"1018257","Zoothera dauma","Scaly Thrush","Turdidae (Thrushes)","LC"
"6314","Geokichla sibirica","Siberian Thrush","Turdidae (Thrushes)","LC"
"6309","Geokichla wardii","Pied Thrush","Turdidae (Thrushes)","LC"
"6312","Geokichla citrina","Orange-headed Thrush","Turdidae (Thrushes)","LC"
"1018343","Turdus simillimus","Indian Blackbird","Turdidae (Thrushes)","LC"
"6388","Turdus unicolor","Tickell's Thrush","Turdidae (Thrushes)","LC"
"6399","Turdus obscurus","Eyebrowed Thrush","Turdidae (Thrushes)","LC"
"6398","Turdus feae","Grey-sided Thrush","Turdidae (Thrushes)","VU"
"1018347","Turdus maximus","Tibetan Blackbird","Turdidae (Thrushes)","LC"
"32639","Turdus eunomus","Dusky Thrush","Turdidae (Thrushes)","LC"
"6633","Cercotrichas galactotes","Rufous-tailed Scrub-robin","Muscicapidae (Chats and Old World flycatchers)","LC"
"6489","Muscicapa sibirica","Dark-sided Flycatcher","Muscicapidae (Chats and Old World flycatchers)","LC"
"6495","Muscicapa ferruginea","Ferruginous Flycatcher","Muscicapidae (Chats and Old World flycatchers)","LC"
"6494","Muscicapa muttui","Brown-breasted Flycatcher","Muscicapidae (Chats and Old World flycatchers)","LC"
"6490","Muscicapa dauurica","Asian Brown Flycatcher","Muscicapidae (Chats and Old World flycatchers)","LC"
"6542","Eumyias thalassinus","Verditer Flycatcher","Muscicapidae (Chats and Old World flycatchers)","LC"
"1017711","Cyornis nicobaricus","Nicobar Jungle-flycatcher","Muscicapidae (Chats and Old World flycatchers)","NT"
"32598","Cyornis magnirostris","Large Blue-flycatcher","Muscicapidae (Chats and Old World flycatchers)","LC"
"1017723","Cyornis rubeculoides","Blue-throated Blue-flycatcher","Muscicapidae (Chats and Old World flycatchers)","LC"
"6600","Larvivora brunnea","Indian Blue Robin","Muscicapidae (Chats and Old World flycatchers)","LC"
"6601","Larvivora cyane","Siberian Blue Robin","Muscicapidae (Chats and Old World flycatchers)","LC"
"6596","Cyanecula svecica","Bluethroat","Muscicapidae (Chats and Old World flycatchers)","LC"
"6599","Calliope pectardens","Firethroat","Muscicapidae (Chats and Old World flycatchers)","NT"
"6594","Calliope calliope","Siberian Rubythroat","Muscicapidae (Chats and Old World flycatchers)","LC"
"1017761","Calliope pectoralis","Himalayan Rubythroat","Muscicapidae (Chats and Old World flycatchers)","LC"
"1017762","Calliope tschebaiewi","Chinese Rubythroat","Muscicapidae (Chats and Old World flycatchers)","LC"
"1018387","Tarsiger cyanurus","Orange-flanked Bush-robin","Muscicapidae (Chats and Old World flycatchers)","LC"
"32640","Tarsiger rufilatus","Himalayan Bush-robin","Muscicapidae (Chats and Old World flycatchers)","LC"
"6603","Tarsiger chrysaeus","Golden Bush-robin","Muscicapidae (Chats and Old World flycatchers)","LC"
"6518","Ficedula erithacus","Slaty-backed Flycatcher","Muscicapidae (Chats and Old World flycatchers)","LC"
"6519","Ficedula strophiata","Rufous-gorgeted Flycatcher","Muscicapidae (Chats and Old World flycatchers)","LC"
"6536","Ficedula superciliaris","Ultramarine Flycatcher","Muscicapidae (Chats and Old World flycatchers)","LC"
"6493","Ficedula ruficauda","Rusty-tailed Flycatcher","Muscicapidae (Chats and Old World flycatchers)","LC"
"32599","Ficedula parva","Red-breasted Flycatcher","Muscicapidae (Chats and Old World flycatchers)","LC"
"32239","Ficedula albicilla","Red-throated Flycatcher","Muscicapidae (Chats and Old World flycatchers)","LC"
"6521","Ficedula subrubra","Kashmir Flycatcher","Muscicapidae (Chats and Old World flycatchers)","VU"
"6649","Phoenicurus erythronotus","Eversmann's Redstart","Muscicapidae (Chats and Old World flycatchers)","LC"
"6651","Phoenicurus ochruros","Black Redstart","Muscicapidae (Chats and Old World flycatchers)","LC"
"6655","Phoenicurus auroreus","Daurian Redstart","Muscicapidae (Chats and Old World flycatchers)","LC"
"6657","Phoenicurus erythrogastrus","White-winged Redstart","Muscicapidae (Chats and Old World flycatchers)","LC"
"6653","Phoenicurus hodgsoni","Hodgson's Redstart","Muscicapidae (Chats and Old World flycatchers)","LC"
"6292","Monticola cinclorhyncha","Blue-capped Rock-thrush","Muscicapidae (Chats and Old World flycatchers)","LC"
"6294","Monticola rufiventris","Chestnut-bellied Rock-thrush","Muscicapidae (Chats and Old World flycatchers)","LC"
"6295","Monticola solitarius","Blue Rock-thrush","Muscicapidae (Chats and Old World flycatchers)","LC"
"6680","Saxicola insignis","White-throated Bushchat","Muscicapidae (Chats and Old World flycatchers)","VU"
"6685","Saxicola caprata","Pied Bushchat","Muscicapidae (Chats and Old World flycatchers)","LC"
"6682","Saxicola torquatus","Common Stonechat","Muscicapidae (Chats and Old World flycatchers)","LC"
"6709","Oenanthe isabellina","Isabelline Wheatear","Muscicapidae (Chats and Old World flycatchers)","LC"
"6707","Oenanthe deserti","Desert Wheatear","Muscicapidae (Chats and Old World flycatchers)","LC"
"6704","Oenanthe pleschanka","Pied Wheatear","Muscicapidae (Chats and Old World flycatchers)","LC"
"6701","Oenanthe picata","Variable Wheatear","Muscicapidae (Chats and Old World flycatchers)","LC"
"6700","Oenanthe finschii","Finsch's Wheatear","Muscicapidae (Chats and Old World flycatchers)","LC"
"32384","Oenanthe chrysopygia","Red-tailed Wheatear","Muscicapidae (Chats and Old World flycatchers)","LC"
"7310","Hypocolius ampelinus","Hypocolius","Hypocoliidae","LC"
"8467","Prunella collaris","Alpine Accentor","Prunellidae (Accentors)","LC"
"8475","Prunella atrogularis","Black-throated Accentor","Prunellidae (Accentors)","LC"
"8368","Passer hispaniolensis","Spanish Sparrow","Passeridae (Sparrows, snowfinches and allies)","LC"
"8373","Passer moabiticus","Dead Sea Sparrow","Passeridae (Sparrows, snowfinches and allies)","LC"
"8402","Dendronanthus indicus","Forest Wagtail","Motacillidae (Wagtails and pipits)","LC"
"8446","Anthus trivialis","Tree Pipit","Motacillidae (Wagtails and pipits)","LC"
"8447","Anthus hodgsoni","Olive-backed Pipit","Motacillidae (Wagtails and pipits)","LC"
"8450","Anthus cervinus","Red-throated Pipit","Motacillidae (Wagtails and pipits)","LC"
"8451","Anthus roseatus","Rosy Pipit","Motacillidae (Wagtails and pipits)","LC"
"8454","Anthus rubescens","Buff-bellied Pipit","Motacillidae (Wagtails and pipits)","LC"
"8453","Anthus spinoletta","Water Pipit","Motacillidae (Wagtails and pipits)","LC"
"1018054","Anthus richardi","Richard's Pipit","Motacillidae (Wagtails and pipits)","LC"
"8437","Anthus godlewskii","Blyth's Pipit","Motacillidae (Wagtails and pipits)","LC"
"8436","Anthus campestris","Tawny Pipit","Motacillidae (Wagtails and pipits)","LC"
"1018059","Motacilla flava","Western Yellow Wagtail","Motacillidae (Wagtails and pipits)","LC"
"8412","Motacilla cinerea","Grey Wagtail","Motacillidae (Wagtails and pipits)","LC"
"8410","Motacilla citreola","Citrine Wagtail","Motacillidae (Wagtails and pipits)","LC"
"1018060","Motacilla tschutschensis","Eastern Yellow Wagtail","Motacillidae (Wagtails and pipits)","LC"
"8403","Motacilla alba","White Wagtail","Motacillidae (Wagtails and pipits)","LC"
"8757","Fringilla montifringilla","Brambling","Fringillidae (Finches and Hawaiian honeycreepers)","LC"
"8854","Carpodacus erythrinus","Common Rosefinch","Fringillidae (Finches and Hawaiian honeycreepers)","LC"
"8839","Leucosticte nemoricola","Plain Mountain-finch","Fringillidae (Finches and Hawaiian honeycreepers)","LC"
"8840","Leucosticte brandti","Brandt's Mountain-finch","Fringillidae (Finches and Hawaiian honeycreepers)","LC"
"8810","Chloris spinoides","Yellow-breasted Greenfinch","Fringillidae (Finches and Hawaiian honeycreepers)","LC"
"8961","Emberiza bruniceps","Red-headed Bunting","Emberizidae (Buntings, American sparrows and allies)","LC"
"8949","Emberiza fucata","Chestnut-eared Bunting","Emberizidae (Buntings, American sparrows and allies)","LC"
"8935","Emberiza cia","Rock Bunting","Emberizidae (Buntings, American sparrows and allies)","LC"
"8939","Emberiza buchanani","Grey-necked Bunting","Emberizidae (Buntings, American sparrows and allies)","LC"
"8932","Emberiza stewarti","White-capped Bunting","Emberizidae (Buntings, American sparrows and allies)","LC"
"8931","Emberiza leucocephalos","Pine Bunting","Emberizidae (Buntings, American sparrows and allies)","LC"
"8966","Emberiza schoeniclus","Reed Bunting","Emberizidae (Buntings, American sparrows and allies)","LC"
"8954","Emberiza aureola","Yellow-breasted Bunting","Emberizidae (Buntings, American sparrows and allies)","EN"
"8950","Emberiza pusilla","Little Bunting","Emberizidae (Buntings, American sparrows and allies)","LC"
"1017759","Emberiza spodocephala","Black-faced Bunting","Emberizidae (Buntings, American sparrows and allies)","LC"
"8955","Emberiza rutila","Chestnut Bunting","Emberizidae (Buntings, American sparrows and allies)","LC"
